day,bucket_id,price_low,price_high,price_mid,sth_tokens,lth_tokens,exchange_tokens,infrastructure_tokens
2026-08-28,-203,0.00015159397120037647,0.00015830560969860958,0.00015494979044949301,842098581.91305399,0,144457904.25687575,0
2026-08-29,-203,0.00015159397120037647,0.00015830560969860958,0.00015494979044949301,428173491.47429174,0,1917290.5878429164,0
2026-08-29,-181,0.00039318611619854841,0.00041059395276060278,0.00040189003447957557,461165396.74858326,0,95273599.313033819,0
2026-08-30,-203,0.00015159397120037647,0.00015830560969860958,0.00015494979044949301,297732520.10308027,0,101438.4988915474,0
2026-08-30,-181,0.00039318611619854841,0.00041059395276060278,0.00040189003447957557,272266510.93237108,0,2248717.3913879907,0
2026-08-30,-167,0.00072110651657202117,0.00075303262959372107,0.00073706957308287112,345948002.48612881,0,68208085.373291522,0
2026-08-31,-203,0.00015159397120037647,0.00015830560969860958,0.00015494979044949301,227469509.8172709,0,101093.05775423851,0
2026-08-31,-198,0.00018825815739843027,0.0001965930580992742,0.00019242560774885225,290701089.25468338,0,125603816.21249889,0
2026-08-31,-181,0.00039318611619854841,0.00041059395276060278,0.00040189003447957557,175121928.78984067,0,2004286.1066372704,0
2026-08-31,-167,0.00072110651657202117,0.00075303262959372107,0.00073706957308287112,165385736.64837033,0,116780.18215765798,0
2026-09-01,-203,0.00015159397120037647,0.00015830560969860958,0.00015494979044949301,174453710.9272052,0,75792.695356571479,0
2026-09-01,-198,0.00018825815739843027,0.0001965930580992742,0.00019242560774885225,99149859.902860224,0,4365.1911980947425,0
2026-09-01,-181,0.00039318611619854841,0.00041059395276060278,0.00040189003447957557,125364996.55944283,0,7191.6864210193698,0
2026-09-01,-167,0.00072110651657202117,0.00075303262959372107,0.00073706957308287112,99881209.932781845,0,1.7098500393331051e-10,0
2026-09-01,-155,0.0012127517696030117,0.0012664448775888766,0.0012395983235959441,434192855.9459722,0,53364761.962072283,0
2026-09-02,-203,0.00015159397120037647,0.00015830560969860958,0.00015494979044949301,169847003.02574667,0,75792.695356571479,0
2026-09-02,-198,0.00018825815739843027,0.0001965930580992742,0.00019242560774885225,90821446.032023355,0,4365.1911980947425,0
2026-09-02,-181,0.00039318611619854841,0.00041059395276060278,0.00040189003447957557,112953983.70708305,0,7191.6864210193698,0
2026-09-02,-167,0.00072110651657202117,0.00075303262959372107,0.00073706957308287112,92128005.003688514,0,0,0
2026-09-02,-163,0.00085754500018227512,0.00089551176094206173,0.00087652838056216848,170032824.8548952,0,66183337.86932452,0
2026-09-02,-155,0.0012127517696030117,0.0012664448775888766,0.0012395983235959441,284295945.00772166,0,130930.76779921925,0
2026-09-03,-203,0.00015159397120037647,0.00015830560969860958,0.00015494979044949301,135367484.55895498,0,75792.695356571479,0
2026-09-03,-198,0.00018825815739843027,0.0001965930580992742,0.00019242560774885225,75748144.96567589,0,4365.1911980947425,0
2026-09-03,-181,0.00039318611619854841,0.00041059395276060278,0.00040189003447957557,100821082.62082112,0,7191.6864210193698,0
2026-09-03,-167,0.00072110651657202117,0.00075303262959372107,0.00073706957308287112,321215571.82369155,0,72224884.375331327,0
2026-09-03,-163,0.00085754500018227512,0.00089551176094206173,0.00087652838056216848,101461739.28058268,0,336411.5902583003,0
2026-09-03,-155,0.0012127517696030117,0.0012664448775888766,0.0012395983235959441,179059596.07809711,0,130930.76779921925,0
2026-09-04,-203,0.00015159397120037647,0.00015830560969860958,0.00015494979044949301,125916164.97286221,0,75791.497820974764,0
2026-09-04,-198,0.00018825815739843027,0.0001965930580992742,0.00019242560774885225,63138744.001690671,0,4365.1911980947425,0
2026-09-04,-181,0.00039318611619854841,0.00041059395276060278,0.00040189003447957557,95298578.607913747,0,7191.6864210193698,0
2026-09-04,-167,0.00072110651657202117,0.00075303262959372107,0.00073706957308287112,236675713.35544023,0,605557.40112122952,0
2026-09-04,-163,0.00085754500018227512,0.00089551176094206173,0.00087652838056216848,72015200.457940683,0,76287.088009897459,0
2026-09-04,-161,0.00093515945380720088,0.0009765625,0.00095586097690360044,184628412.16571265,0,64023479.740015075,0
2026-09-04,-155,0.0012127517696030117,0.0012664448775888766,0.0012395983235959441,143832136.03307313,0,130930.76779921925,0
2026-09-05,-203,0.00015159397120037647,0.00015830560969860958,0.00015494979044949301,115380695.31672391,0,72829.953910555967,0
2026-09-05,-198,0.00018825815739843027,0.0001965930580992742,0.00019242560774885225,38892000.496004865,0,4365.1911980947425,0
2026-09-05,-181,0.00039318611619854841,0.00041059395276060278,0.00040189003447957557,85933346.985709801,0,6077.8706298960478,0
2026-09-05,-167,0.00072110651657202117,0.00075303262959372107,0.00073706957308287112,128855425.22998704,0,74798.596530515628,0
2026-09-05,-163,0.00085754500018227512,0.00089551176094206173,0.00087652838056216848,37604376.930048361,0,1917.475848456003,0
2026-09-05,-161,0.00093515945380720088,0.0009765625,0.00095586097690360044,77631404.459932178,0,10.36965378863551,0
2026-09-05,-155,0.0012127517696030117,0.0012664448775888766,0.0012395983235959441,73483280.801480412,0,124690.15831999533,0
2026-09-05,-129,0.0037406378152288035,0.00390625,0.0038234439076144018,390286048.35234267,0,38054562.129682064,0
2026-09-06,-203,0.00015159397120037647,0.00015830560969860958,0.00015494979044949301,104585723.55373164,0,72829.953910555967,0
2026-09-06,-198,0.00018825815739843027,0.0001965930580992742,0.00019242560774885225,33528819.826974295,0,0,0
2026-09-06,-181,0.00039318611619854841,0.00041059395276060278,0.00040189003447957557,78432666.261405438,0,0,0
2026-09-06,-167,0.00072110651657202117,0.00075303262959372107,0.00073706957308287112,82355717.252399966,0,73933.182440284771,0
2026-09-06,-163,0.00085754500018227512,0.00089551176094206173,0.00087652838056216848,27644005.473599602,0,0,0
2026-09-06,-161,0.00093515945380720088,0.0009765625,0.00095586097690360044,47314548.659836248,0,0,0
2026-09-06,-155,0.0012127517696030117,0.0012664448775888766,0.0012395983235959441,44438240.267402485,0,0,0
2026-09-06,-129,0.0037406378152288035,0.00390625,0.0038234439076144018,150481192.31844202,0,1700541.7156809133,0
2026-09-06,-126,0.0042597958307236629,0.0044483931045183264,0.0043540944676209951,365225022.18840581,0,50498529.476564892,0
2026-09-07,-203,0.00015159397120037647,0.00015830560969860958,0.00015494979044949301,41998289.144164711,0,72829.953910555967,0
2026-09-07,-198,0.00018825815739843027,0.0001965930580992742,0.00019242560774885225,23988472.944862913,0,0,0
2026-09-07,-181,0.00039318611619854841,0.00041059395276060278,0.00040189003447957557,48553145.405435987,0,0,0
2026-09-07,-167,0.00072110651657202117,0.00075303262959372107,0.00073706957308287112,63813585.677212827,0,73933.182440284771,0
2026-09-07,-163,0.00085754500018227512,0.00089551176094206173,0.00087652838056216848,23853789.007589806,0,0,0
2026-09-07,-161,0.00093515945380720088,0.0009765625,0.00095586097690360044,448606614.12084144,0,82483980.545562759,0
2026-09-07,-155,0.0012127517696030117,0.0012664448775888766,0.0012395983235959441,32081467.205975559,0,0,0
2026-09-07,-129,0.0037406378152288035,0.00390625,0.0038234439076144018,58386308.273043871,0,1700541.7156809133,0
2026-09-07,-126,0.0042597958307236629,0.0044483931045183264,0.0043540944676209951,159325270.08552295,0,1342942.5413786408,0
2026-09-08,-203,0.00015159397120037647,0.00015830560969860958,0.00015494979044949301,41835035.419287257,0,72829.953910555967,0
2026-09-08,-198,0.00018825815739843027,0.0001965930580992742,0.00019242560774885225,19549266.885256354,0,0,0
2026-09-08,-181,0.00039318611619854841,0.00041059395276060278,0.00040189003447957557,44274940.05508846,0,0,0
2026-09-08,-167,0.00072110651657202117,0.00075303262959372107,0.00073706957308287112,59228720.732400544,0,73933.182440284771,0
2026-09-08,-164,0.00082118790552120557,0.00085754500018227512,0.00083936645285174029,272533862.98427939,0,85022558.14185822,0
2026-09-08,-163,0.00085754500018227512,0.00089551176094206173,0.00087652838056216848,21711902.241528384,0,0,0
2026-09-08,-161,0.00093515945380720088,0.0009765625,0.00095586097690360044,253515496.14430901,0,5115041.1588273244,0
2026-09-08,-155,0.0012127517696030117,0.0012664448775888766,0.0012395983235959441,31285490.881754786,0,0,0
2026-09-08,-129,0.0037406378152288035,0.00390625,0.0038234439076144018,37718418.69451271,0,1700541.7156809133,0
2026-09-08,-126,0.0042597958307236629,0.0044483931045183264,0.0043540944676209951,111564439.37164256,0,1341675.123122229,0
2026-09-09,-203,0.00015159397120037647,0.00015830560969860958,0.00015494979044949301,34574959.69206173,0,72829.953910555967,0
2026-09-09,-198,0.00018825815739843027,0.0001965930580992742,0.00019242560774885225,14566303.555018954,0,0,0
2026-09-09,-181,0.00039318611619854841,0.00041059395276060278,0.00040189003447957557,44212700.761624321,0,0,0
2026-09-09,-167,0.00072110651657202117,0.00075303262959372107,0.00073706957308287112,56861795.218286268,0,73933.182440284771,0
2026-09-09,-164,0.00082118790552120557,0.00085754500018227512,0.00083936645285174029,165427377.04448634,0,3927823.7501097443,0
2026-09-09,-163,0.00085754500018227512,0.00089551176094206173,0.00087652838056216848,14445386.196194442,0,0,0
2026-09-09,-162,0.00089551176094206173,0.00093515945380720088,0.00091533560737463125,195395529.14196968,0,81001352.702912107,0
2026-09-09,-161,0.00093515945380720088,0.0009765625,0.00095586097690360044,209717789.92301041,0,2954085.1968424502,0
2026-09-09,-155,0.0012127517696030117,0.0012664448775888766,0.0012395983235959441,27447026.811153933,0,0,0
2026-09-09,-129,0.0037406378152288035,0.00390625,0.0038234439076144018,31767963.094541546,0,1700541.7156809133,0
2026-09-09,-126,0.0042597958307236629,0.0044483931045183264,0.0043540944676209951,100123627.83294731,0,1341675.123122229,0
2026-09-10,-203,0.00015159397120037647,0.00015830560969860958,0.00015494979044949301,26705310.049466774,0,72829.953910555967,0
2026-09-10,-198,0.00018825815739843027,0.0001965930580992742,0.00019242560774885225,10350657.332278395,0,0,0
2026-09-10,-181,0.00039318611619854841,0.00041059395276060278,0.00040189003447957557,39315365.74416133,0,0,0
2026-09-10,-167,0.00072110651657202117,0.00075303262959372107,0.00073706957308287112,55743979.2608248,0,73933.182440284771,0
2026-09-10,-164,0.00082118790552120557,0.00085754500018227512,0.00083936645285174029,141709525.15945321,0,1112698.9589085565,0
2026-09-10,-163,0.00085754500018227512,0.00089551176094206173,0.00087652838056216848,13905208.885594999,0,0,0
2026-09-10,-162,0.00089551176094206173,0.00093515945380720088,0.00091533560737463125,133766602.08550765,0,3101250.3110419493,0
2026-09-10,-161,0.00093515945380720088,0.0009765625,0.00095586097690360044,326292862.62218374,0,79013251.475694433,0
2026-09-10,-155,0.0012127517696030117,0.0012664448775888766,0.0012395983235959441,26413864.16103733,0,0,0
2026-09-10,-129,0.0037406378152288035,0.00390625,0.0038234439076144018,30432823.239630699,0,1700541.7156809133,0
2026-09-10,-126,0.0042597958307236629,0.0044483931045183264,0.0043540944676209951,94534822.836407959,0,1341675.123122229,0
2026-09-11,-203,0.00015159397120037647,0.00015830560969860958,0.00015494979044949301,26090260.611068677,0,72829.953910555967,0
2026-09-11,-198,0.00018825815739843027,0.0001965930580992742,0.00019242560774885225,7018157.0682665575,0,0,0
2026-09-11,-181,0.00039318611619854841,0.00041059395276060278,0.00040189003447957557,39309190.907188863,0,0,0
2026-09-11,-167,0.00072110651657202117,0.00075303262959372107,0.00073706957308287112,54697992.845415182,0,73933.182440284771,0
2026-09-11,-164,0.00082118790552120557,0.00085754500018227512,0.00083936645285174029,115733864.69368087,0,261430.24625231649,0
2026-09-11,-163,0.00085754500018227512,0.00089551176094206173,0.00087652838056216848,13895362.617766207,0,0,0
2026-09-11,-162,0.00089551176094206173,0.00093515945380720088,0.00091533560737463125,104746927.42650831,0,2241709.8056388507,0
2026-09-11,-161,0.00093515945380720088,0.0009765625,0.00095586097690360044,260365976.23999831,0,3189884.489473965,0
2026-09-11,-158,0.0010649489576809157,0.0011120982761295816,0.0010885236169052488,134897848.15543625,0,73658612.534498081,0
2026-09-11,-155,0.0012127517696030117,0.0012664448775888766,0.0012395983235959441,26002945.919025838,0,0,0
2026-09-11,-129,0.0037406378152288035,0.00390625,0.0038234439076144018,29298379.944269389,0,1700541.7156809133,0
2026-09-11,-126,0.0042597958307236629,0.0044483931045183264,0.0043540944676209951,91898613.541692764,0,399179.46312222892,0
2026-09-12,-203,0.00015159397120037647,0.00015830560969860958,0.00015494979044949301,25869730.001991577,0,72829.953910555967,0
2026-09-12,-198,0.00018825815739843027,0.0001965930580992742,0.00019242560774885225,6476352.2349108383,0,0,0
2026-09-12,-181,0.00039318611619854841,0.00041059395276060278,0.00040189003447957557,37078157.909363978,0,0,0
2026-09-12,-167,0.00072110651657202117,0.00075303262959372107,0.00073706957308287112,51673817.684604034,0,73933.182440284771,0
2026-09-12,-164,0.00082118790552120557,0.00085754500018227512,0.00083936645285174029,89225386.152901456,0,20270.387854229873,0
2026-09-12,-163,0.00085754500018227512,0.00089551176094206173,0.00087652838056216848,13460674.74282077,0,0,0
2026-09-12,-162,0.00089551176094206173,0.00093515945380720088,0.00091533560737463125,71608114.732238457,0,1463315.7207030277,0
2026-09-12,-161,0.00093515945380720088,0.0009765625,0.00095586097690360044,191519501.02045721,0,1968357.4127011395,0
2026-09-12,-158,0.0010649489576809157,0.0011120982761295816,0.0010885236169052488,75771386.150373384,0,937145.39914938924,0
2026-09-12,-155,0.0012127517696030117,0.0012664448775888766,0.0012395983235959441,25900686.356456228,0,0,0
2026-09-12,-145,0.0018703189076144018,0.001953125,0.0019117219538072009,218900996.03258437,0,67765334.446580112,0
2026-09-12,-129,0.0037406378152288035,0.00390625,0.0038234439076144018,25357302.080616307,0,1700541.7156809133,0
2026-09-12,-126,0.0042597958307236629,0.0044483931045183264,0.0043540944676209951,77256957.460116908,0,332631.24994088279,0
2026-09-13,-203,0.00015159397120037647,0.00015830560969860958,0.00015494979044949301,25774994.534018237,0,72829.953910555967,0
2026-09-13,-198,0.00018825815739843027,0.0001965930580992742,0.00019242560774885225,6471316.129465295,0,0,0
2026-09-13,-181,0.00039318611619854841,0.00041059395276060278,0.00040189003447957557,37016924.35405314,0,0,0
2026-09-13,-167,0.00072110651657202117,0.00075303262959372107,0.00073706957308287112,49670130.667609937,0,73933.182440284771,0
2026-09-13,-164,0.00082118790552120557,0.00085754500018227512,0.00083936645285174029,86561620.468078405,0,20270.387854229873,0
2026-09-13,-163,0.00085754500018227512,0.00089551176094206173,0.00087652838056216848,13456625.799610544,0,0,0
2026-09-13,-162,0.00089551176094206173,0.00093515945380720088,0.00091533560737463125,64179041.304162897,0,1193715.8287705902,0
2026-09-13,-161,0.00093515945380720088,0.0009765625,0.00095586097690360044,175857859.76863506,0,1737073.2555785668,0
2026-09-13,-158,0.0010649489576809157,0.0011120982761295816,0.0010885236169052488,66599883.570010662,0,937145.39914938924,0
2026-09-13,-155,0.0012127517696030117,0.0012664448775888766,0.0012395983235959441,25897732.496793807,0,0,0
2026-09-13,-151,0.0014422130331440423,0.0015060652591874421,0.0014741391461657422,118417734.35039026,0,73360769.321367219,0
2026-09-13,-145,0.0018703189076144018,0.001953125,0.0019117219538072009,131766350.52298294,0,2244934.655829913,0
2026-09-13,-129,0.0037406378152288035,0.00390625,0.0038234439076144018,23844671.947633062,0,1700541.7156809133,0
2026-09-13,-126,0.0042597958307236629,0.0044483931045183264,0.0043540944676209951,76247380.750942498,0,318260.3775915291,0
2026-09-14,-203,0.00015159397120037647,0.00015830560969860958,0.00015494979044949301,25772826.038747445,0,72829.953910555967,0
2026-09-14,-198,0.00018825815739843027,0.0001965930580992742,0.00019242560774885225,6173588.5374649111,0,0,0
2026-09-14,-181,0.00039318611619854841,0.00041059395276060278,0.00040189003447957557,36766100.51092007,0,0,0
2026-09-14,-167,0.00072110651657202117,0.00075303262959372107,0.00073706957308287112,49543594.248300098,0,73933.182440284771,0
2026-09-14,-164,0.00082118790552120557,0.00085754500018227512,0.00083936645285174029,79120118.712055638,0,20270.387854229873,0
2026-09-14,-163,0.00085754500018227512,0.00089551176094206173,0.00087652838056216848,13374040.301931573,0,0,0
2026-09-14,-162,0.00089551176094206173,0.00093515945380720088,0.00091533560737463125,61153966.467550702,0,1193715.8287705902,0
2026-09-14,-161,0.00093515945380720088,0.0009765625,0.00095586097690360044,155573835.37912533,0,971386.60220226669,0
2026-09-14,-158,0.0010649489576809157,0.0011120982761295816,0.0010885236169052488,49201735.487601742,0,937145.39914938924,0
2026-09-14,-155,0.0012127517696030117,0.0012664448775888766,0.0012395983235959441,24690641.157788984,0,0,0
2026-09-14,-154,0.0012664448775888766,0.0013225151825555592,0.0012944800300722179,128693383.94051158,0,85534457.382903546,0
2026-09-14,-151,0.0014422130331440423,0.0015060652591874421,0.0014741391461657422,71438031.967976615,0,1052932.3009075171,0
2026-09-14,-145,0.0018703189076144018,0.001953125,0.0019117219538072009,93136144.134837165,0,915147.26843236294,0
2026-09-14,-129,0.0037406378152288035,0.00390625,0.0038234439076144018,22673796.561756141,0,1700541.7156809133,0
2026-09-14,-126,0.0042597958307236629,0.0044483931045183264,0.0043540944676209951,72554284.377083987,0,316505.86232994561,0
2026-09-15,-203,0.00015159397120037647,0.00015830560969860958,0.00015494979044949301,22475582.055981938,0,72829.953910555967,0
2026-09-15,-198,0.00018825815739843027,0.0001965930580992742,0.00019242560774885225,6007948.3092090935,0,0,0
2026-09-15,-181,0.00039318611619854841,0.00041059395276060278,0.00040189003447957557,36725430.660427667,0,0,0
2026-09-15,-167,0.00072110651657202117,0.00075303262959372107,0.00073706957308287112,49116640.082070135,0,73933.182440284771,0
2026-09-15,-164,0.00082118790552120557,0.00085754500018227512,0.00083936645285174029,72043881.297850177,0,20270.387854229873,0
2026-09-15,-163,0.00085754500018227512,0.00089551176094206173,0.00087652838056216848,13108162.087519538,0,0,0
2026-09-15,-162,0.00089551176094206173,0.00093515945380720088,0.00091533560737463125,168542614.24775398,0,85722466.005899072,0
2026-09-15,-161,0.00093515945380720088,0.0009765625,0.00095586097690360044,146863279.75493318,0,552059.95707930345,0
2026-09-15,-158,0.0010649489576809157,0.0011120982761295816,0.0010885236169052488,42130089.750635616,0,134188.06382857999,0
2026-09-15,-155,0.0012127517696030117,0.0012664448775888766,0.0012395983235959441,24167218.230574045,0,0,0
2026-09-15,-154,0.0012664448775888766,0.0013225151825555592,0.0012944800300722179,84865834.53550671,0,3890748.3773012511,0
2026-09-15,-151,0.0014422130331440423,0.0015060652591874421,0.0014741391461657422,61089714.70351024,0,923881.75765095116,0
2026-09-15,-145,0.0018703189076144018,0.001953125,0.0019117219538072009,68841791.627292827,0,376809.23879316135,0
2026-09-15,-129,0.0037406378152288035,0.00390625,0.0038234439076144018,22421591.458565179,0,1700541.7156809133,0
2026-09-15,-126,0.0042597958307236629,0.0044483931045183264,0.0043540944676209951,70436427.617245287,0,316505.86232994561,0
2026-09-16,-203,0.00015159397120037647,0.00015830560969860958,0.00015494979044949301,22264725.852753066,0,72829.953910555967,0
2026-09-16,-198,0.00018825815739843027,0.0001965930580992742,0.00019242560774885225,5998769.0953444606,0,0,0
2026-09-16,-181,0.00039318611619854841,0.00041059395276060278,0.00040189003447957557,36723023.032171458,0,0,0
2026-09-16,-167,0.00072110651657202117,0.00075303262959372107,0.00073706957308287112,49067537.900869273,0,73933.182440284771,0
2026-09-16,-165,0.00078637223239709682,0.00082118790552120557,0.00080378006895915114,103617622.28206132,0,101100314.45272392,0
2026-09-16,-164,0.00082118790552120557,0.00085754500018227512,0.00083936645285174029,68544651.072858214,0,20270.387854229873,0
2026-09-16,-163,0.00085754500018227512,0.00089551176094206173,0.00087652838056216848,12740372.739264749,0,0,0
2026-09-16,-162,0.00089551176094206173,0.00093515945380720088,0.00091533560737463125,125964221.10032442,0,4153805.1407855265,0
2026-09-16,-161,0.00093515945380720088,0.0009765625,0.00095586097690360044,127725924.53480737,0,552059.95707930345,0
2026-09-16,-158,0.0010649489576809157,0.0011120982761295816,0.0010885236169052488,34001684.296008177,0,134188.06382857999,0
2026-09-16,-155,0.0012127517696030117,0.0012664448775888766,0.0012395983235959441,23704094.108512189,0,0,0
2026-09-16,-154,0.0012664448775888766,0.0013225151825555592,0.0012944800300722179,71381213.161232576,0,1831559.4008310335,0
2026-09-16,-151,0.0014422130331440423,0.0015060652591874421,0.0014741391461657422,50860368.880211294,0,343913.18457400199,0
2026-09-16,-145,0.0018703189076144018,0.001953125,0.0019117219538072009,54041913.78043782,0,22251.458611120448,0
2026-09-16,-129,0.0037406378152288035,0.00390625,0.0038234439076144018,17310211.445330311,0,1700541.7156809133,0
2026-09-16,-126,0.0042597958307236629,0.0044483931045183264,0.0043540944676209951,68344085.682565257,0,316505.86232994561,0
2026-09-17,-203,0.00015159397120037647,0.00015830560969860958,0.00015494979044949301,22259802.074708395,0,72829.953910555967,0
2026-09-17,-198,0.00018825815739843027,0.0001965930580992742,0.00019242560774885225,5997767.921363201,0,0,0
2026-09-17,-181,0.00039318611619854841,0.00041059395276060278,0.00040189003447957557,36337878.922658272,0,0,0
2026-09-17,-167,0.00072110651657202117,0.00075303262959372107,0.00073706957308287112,48191473.582613535,0,73933.182440284771,0
2026-09-17,-165,0.00078637223239709682,0.00082118790552120557,0.00080378006895915114,72331250.900274098,0,15316446.072522216,0
2026-09-17,-164,0.00082118790552120557,0.00085754500018227512,0.00083936645285174029,144131085.76414767,0,87337632.727341086,0
2026-09-17,-163,0.00085754500018227512,0.00089551176094206173,0.00087652838056216848,12616388.445095334,0,0,0
2026-09-17,-162,0.00089551176094206173,0.00093515945380720088,0.00091533560737463125,108607839.06116955,0,3121979.8036549101,0
2026-09-17,-161,0.00093515945380720088,0.0009765625,0.00095586097690360044,122591334.00690895,0,547279.76707930351,0
2026-09-17,-158,0.0010649489576809157,0.0011120982761295816,0.0010885236169052488,32607799.071074039,0,134188.06382857999,0
2026-09-17,-155,0.0012127517696030117,0.0012664448775888766,0.0012395983235959441,23631359.211451113,0,0,0
2026-09-17,-154,0.0012664448775888766,0.0013225151825555592,0.0012944800300722179,65755011.936461538,0,511481.72060823115,0
2026-09-17,-151,0.0014422130331440423,0.0015060652591874421,0.0014741391461657422,46697091.072115928,0,88142.409597516351,0
2026-09-17,-145,0.0018703189076144018,0.001953125,0.0019117219538072009,48127772.058151439,0,22251.458611120448,0
2026-09-17,-129,0.0037406378152288035,0.00390625,0.0038234439076144018,16889510.675312627,0,1700541.7156809133,0
2026-09-17,-126,0.0042597958307236629,0.0044483931045183264,0.0043540944676209951,66544420.364176653,0,316505.86232994561,0
2026-09-18,-203,0.00015159397120037647,0.00015830560969860958,0.00015494979044949301,22029952.969649293,0,72829.953910555967,0
2026-09-18,-198,0.00018825815739843027,0.0001965930580992742,0.00019242560774885225,5348313.1171117425,0,0,0
2026-09-18,-181,0.00039318611619854841,0.00041059395276060278,0.00040189003447957557,26831390.173682008,0,0,0
2026-09-18,-167,0.00072110651657202117,0.00075303262959372107,0.00073706957308287112,46752831.995366044,0,73933.182440284771,0
2026-09-18,-165,0.00078637223239709682,0.00082118790552120557,0.00080378006895915114,133356923.35444878,0,105599133.64885582,0
2026-09-18,-164,0.00082118790552120557,0.00085754500018227512,0.00083936645285174029,125797763.80771166,0,4881438.4701549951,0
2026-09-18,-163,0.00085754500018227512,0.00089551176094206173,0.00087652838056216848,12481898.296000974,0,0,0
2026-09-18,-162,0.00089551176094206173,0.00093515945380720088,0.00091533560737463125,97324056.378655493,0,2433498.5098437658,0
2026-09-18,-161,0.00093515945380720088,0.0009765625,0.00095586097690360044,119448095.11781085,0,547279.76707930351,0
2026-09-18,-158,0.0010649489576809157,0.0011120982761295816,0.0010885236169052488,30074714.757703047,0,134188.06382857999,0
2026-09-18,-155,0.0012127517696030117,0.0012664448775888766,0.0012395983235959441,23608182.389438916,0,0,0
2026-09-18,-154,0.0012664448775888766,0.0013225151825555592,0.0012944800300722179,58125036.190192647,0,363021.1522716037,0
2026-09-18,-151,0.0014422130331440423,0.0015060652591874421,0.0014741391461657422,39618463.27921664,0,88142.409597516351,0
2026-09-18,-145,0.0018703189076144018,0.001953125,0.0019117219538072009,44887753.903336488,0,22251.458611120448,0
2026-09-18,-129,0.0037406378152288035,0.00390625,0.0038234439076144018,16760466.672558522,0,1700541.7156809133,0
2026-09-18,-126,0.0042597958307236629,0.0044483931045183264,0.0043540944676209951,63251087.742576718,0,316505.86232994561,0
2026-09-19,-203,0.00015159397120037647,0.00015830560969860958,0.00015494979044949301,21743665.792182278,0,72829.953910555967,0
2026-09-19,-198,0.00018825815739843027,0.0001965930580992742,0.00019242560774885225,5194101.7194458358,0,0,0
2026-09-19,-181,0.00039318611619854841,0.00041059395276060278,0.00040189003447957557,26576520.41065678,0,0,0
2026-09-19,-170,0.0006332224387944383,0.00066125759127777961,0.00064724001503610896,76002988.961616382,0,104664584.97729716,0
2026-09-19,-167,0.00072110651657202117,0.00075303262959372107,0.00073706957308287112,46044322.357202038,0,73933.182440284771,0
2026-09-19,-165,0.00078637223239709682,0.00082118790552120557,0.00080378006895915114,101803853.73531833,0,19840350.20803801,0
2026-09-19,-164,0.00082118790552120557,0.00085754500018227512,0.00083936645285174029,106626061.14465795,0,3490489.5584924859,0
2026-09-19,-163,0.00085754500018227512,0.00089551176094206173,0.00087652838056216848,10556317.029453456,0,0,0
2026-09-19,-162,0.00089551176094206173,0.00093515945380720088,0.00091533560737463125,92813364.160502061,0,2295642.9343187534,0
2026-09-19,-161,0.00093515945380720088,0.0009765625,0.00095586097690360044,114794953.24221133,0,544762.873271644,0
2026-09-19,-158,0.0010649489576809157,0.0011120982761295816,0.0010885236169052488,19121182.558627348,0,134188.06382857999,0
2026-09-19,-155,0.0012127517696030117,0.0012664448775888766,0.0012395983235959441,14749659.784659347,0,0,0
2026-09-19,-154,0.0012664448775888766,0.0013225151825555592,0.0012944800300722179,56724014.300126888,0,363021.1522716037,0
2026-09-19,-151,0.0014422130331440423,0.0015060652591874421,0.0014741391461657422,38147186.773907475,0,75011.796298528439,0
2026-09-19,-145,0.0018703189076144018,0.001953125,0.0019117219538072009,43031923.964393951,0,234.53889586758612,0
2026-09-19,-129,0.0037406378152288035,0.00390625,0.0038234439076144018,16362553.391999295,0,1657863.4958885305,0
2026-09-19,-126,0.0042597958307236629,0.0044483931045183264,0.0043540944676209951,58175927.741971992,0,238065.29624330791,0
2026-09-20,-203,0.00015159397120037647,0.00015830560969860958,0.00015494979044949301,21574308.591824953,0,72829.953910555967,0
2026-09-20,-198,0.00018825815739843027,0.0001965930580992742,0.00019242560774885225,5193004.6655720947,0,0,0
2026-09-20,-181,0.00039318611619854841,0.00041059395276060278,0.00040189003447957557,20739467.375916552,0,0,0
2026-09-20,-175,0.00050989930782588562,0.00053247447884045786,0.00052118689333317174,99279809.889864475,0,115395853.89560448,0
2026-09-20,-170,0.0006332224387944383,0.00066125759127777961,0.00064724001503610896,51440242.646821685,0,9368716.6516246311,0
2026-09-20,-167,0.00072110651657202117,0.00075303262959372107,0.00073706957308287112,45835639.823395334,0,73933.182440284771,0
2026-09-20,-165,0.00078637223239709682,0.00082118790552120557,0.00080378006895915114,86154526.121255219,0,7131101.8739860272,0
2026-09-20,-164,0.00082118790552120557,0.00085754500018227512,0.00083936645285174029,88711193.325749651,0,1352063.9558493549,0
2026-09-20,-163,0.00085754500018227512,0.00089551176094206173,0.00087652838056216848,10504187.27012288,0,0,0
2026-09-20,-162,0.00089551176094206173,0.00093515945380720088,0.00091533560737463125,85419627.023020759,0,1580276.5534644532,0
2026-09-20,-161,0.00093515945380720088,0.0009765625,0.00095586097690360044,105933067.1223343,0,544762.873271644,0
2026-09-20,-158,0.0010649489576809157,0.0011120982761295816,0.0010885236169052488,15511683.154212529,0,134188.06382857999,0
2026-09-20,-155,0.0012127517696030117,0.0012664448775888766,0.0012395983235959441,14009736.867676629,0,0,0
2026-09-20,-154,0.0012664448775888766,0.0013225151825555592,0.0012944800300722179,49194690.638500877,0,363021.1522716037,0
2026-09-20,-151,0.0014422130331440423,0.0015060652591874421,0.0014741391461657422,34341587.694675185,0,75011.796298528439,0
2026-09-20,-145,0.0018703189076144018,0.001953125,0.0019117219538072009,39980345.051491946,0,234.53889586758612,0
2026-09-20,-129,0.0037406378152288035,0.00390625,0.0038234439076144018,15958314.63863107,0,1657863.4958885305,0
2026-09-20,-126,0.0042597958307236629,0.0044483931045183264,0.0043540944676209951,54129474.036302425,0,238065.29624330791,0
2026-09-21,-203,0.00015159397120037647,0.00015830560969860958,0.00015494979044949301,21502308.591824953,0,72829.953910555967,0
2026-09-21,-198,0.00018825815739843027,0.0001965930580992742,0.00019242560774885225,5188967.6934993016,0,0,0
2026-09-21,-181,0.00039318611619854841,0.00041059395276060278,0.00040189003447957557,20739467.375916552,0,0,0
2026-09-21,-175,0.00050989930782588562,0.00053247447884045786,0.00052118689333317174,69679512.161197707,0,5795353.6264788453,0
2026-09-21,-174,0.00053247447884045786,0.0005560491380647908,0.00054426180845262438,59405636.98120147,0,112869502.00063573,0
2026-09-21,-170,0.0006332224387944383,0.00066125759127777961,0.00064724001503610896,40850858.858122699,0,9152938.8886066787,0
2026-09-21,-167,0.00072110651657202117,0.00075303262959372107,0.00073706957308287112,45638448.065226771,0,73933.182440284771,0
2026-09-21,-165,0.00078637223239709682,0.00082118790552120557,0.00080378006895915114,81031426.463422939,0,6531633.4455079669,0
2026-09-21,-164,0.00082118790552120557,0.00085754500018227512,0.00083936645285174029,84322043.677591681,0,1352063.9558493549,0
2026-09-21,-163,0.00085754500018227512,0.00089551176094206173,0.00087652838056216848,10340156.674808575,0,0,0
2026-09-21,-162,0.00089551176094206173,0.00093515945380720088,0.00091533560737463125,81291738.481834739,0,1580276.5534644532,0
2026-09-21,-161,0.00093515945380720088,0.0009765625,0.00095586097690360044,104437054.65471739,0,544762.873271644,0
2026-09-21,-158,0.0010649489576809157,0.0011120982761295816,0.0010885236169052488,15074601.084357964,0,134188.06382857999,0
2026-09-21,-155,0.0012127517696030117,0.0012664448775888766,0.0012395983235959441,14008782.37159246,0,0,0
2026-09-21,-154,0.0012664448775888766,0.0013225151825555592,0.0012944800300722179,45579269.322381087,0,363021.1522716037,0
2026-09-21,-151,0.0014422130331440423,0.0015060652591874421,0.0014741391461657422,33651669.178296901,0,75011.796298528439,0
2026-09-21,-145,0.0018703189076144018,0.001953125,0.0019117219538072009,38678633.644276008,0,234.53889586758612,0
2026-09-21,-129,0.0037406378152288035,0.00390625,0.0038234439076144018,14628166.410125192,0,1657863.4958885305,0
2026-09-21,-126,0.0042597958307236629,0.0044483931045183264,0.0043540944676209951,53342951.890277497,0,238065.29624330791,0
2026-09-22,-203,0.00015159397120037647,0.00015830560969860958,0.00015494979044949301,21430600.91970719,0,72829.953910555967,0
2026-09-22,-198,0.00018825815739843027,0.0001965930580992742,0.00019242560774885225,5178456.9546153564,0,0,0
2026-09-22,-181,0.00039318611619854841,0.00041059395276060278,0.00040189003447957557,20736932.997133862,0,0,0
2026-09-22,-177,0.00046757972690360044,0.00048828125,0.00047793048845180022,45832015.036375217,0,92444423.331726938,0
2026-09-22,-175,0.00050989930782588562,0.00053247447884045786,0.00052118689333317174,59270833.904737726,0,5795353.6264788453,0
2026-09-22,-174,0.00053247447884045786,0.0005560491380647908,0.00054426180845262438,41965715.722555004,0,30164138.206548288,0
2026-09-22,-170,0.0006332224387944383,0.00066125759127777961,0.00064724001503610896,38289290.303095184,0,8326735.2351316698,0
2026-09-22,-167,0.00072110651657202117,0.00075303262959372107,0.00073706957308287112,44576662.709725499,0,73933.182440284771,0
2026-09-22,-165,0.00078637223239709682,0.00082118790552120557,0.00080378006895915114,78226745.406297788,0,3406091.8973259456,0
2026-09-22,-164,0.00082118790552120557,0.00085754500018227512,0.00083936645285174029,78911850.836953372,0,1352063.9558493549,0
2026-09-22,-163,0.00085754500018227512,0.00089551176094206173,0.00087652838056216848,9735916.3591265604,0,0,0
2026-09-22,-162,0.00089551176094206173,0.00093515945380720088,0.00091533560737463125,78909680.855989933,0,1580276.5534644532,0
2026-09-22,-161,0.00093515945380720088,0.0009765625,0.00095586097690360044,102759784.8133426,0,544762.873271644,0
2026-09-22,-158,0.0010649489576809157,0.0011120982761295816,0.0010885236169052488,14845487.480904922,0,134188.06382857999,0
2026-09-22,-155,0.0012127517696030117,0.0012664448775888766,0.0012395983235959441,13548432.636028478,0,0,0
2026-09-22,-154,0.0012664448775888766,0.0013225151825555592,0.0012944800300722179,44599786.122513719,0,363021.1522716037,0
2026-09-22,-151,0.0014422130331440423,0.0015060652591874421,0.0014741391461657422,33210779.143013075,0,75011.796298528439,0
2026-09-22,-145,0.0018703189076144018,0.001953125,0.0019117219538072009,37451216.105154544,0,234.53889586758612,0
2026-09-22,-129,0.0037406378152288035,0.00390625,0.0038234439076144018,14495178.267853616,0,1657863.4958885305,0
2026-09-22,-126,0.0042597958307236629,0.0044483931045183264,0.0043540944676209951,49615868.463263959,0,238065.29624330791,0
2026-09-23,-203,0.00015159397120037647,0.00015830560969860958,0.00015494979044949301,21412477.328550559,0,72829.953910555967,0
2026-09-23,-198,0.00018825815739843027,0.0001965930580992742,0.00019242560774885225,5177765.6870556921,0,0,0
2026-09-23,-181,0.00039318611619854841,0.00041059395276060278,0.00040189003447957557,20719355.960216198,0,0,0
2026-09-23,-177,0.00046757972690360044,0.00048828125,0.00047793048845180022,85788883.868182629,0,119392625.02808054,0
2026-09-23,-175,0.00050989930782588562,0.00053247447884045786,0.00052118689333317174,49601337.236015163,0,5783635.6293767337,0
2026-09-23,-174,0.00053247447884045786,0.0005560491380647908,0.00054426180845262438,31907708.296968099,0,5302700.1187783927,0
2026-09-23,-170,0.0006332224387944383,0.00066125759127777961,0.00064724001503610896,34110067.32331048,0,7899944.6048735287,0
2026-09-23,-167,0.00072110651657202117,0.00075303262959372107,0.00073706957308287112,43024734.956297666,0,73933.182440284771,0
2026-09-23,-165,0.00078637223239709682,0.00082118790552120557,0.00080378006895915114,75398407.191865981,0,3387064.5405498254,0
2026-09-23,-164,0.00082118790552120557,0.00085754500018227512,0.00083936645285174029,78331174.085704386,0,1352063.9558493549,0
2026-09-23,-163,0.00085754500018227512,0.00089551176094206173,0.00087652838056216848,8385768.3380300039,0,0,0
2026-09-23,-162,0.00089551176094206173,0.00093515945380720088,0.00091533560737463125,77914487.307279631,0,1580276.5534644532,0
2026-09-23,-161,0.00093515945380720088,0.0009765625,0.00095586097690360044,100683528.65284382,0,544762.873271644,0
2026-09-23,-158,0.0010649489576809157,0.0011120982761295816,0.0010885236169052488,14246346.777165631,0,134188.06382857999,0
2026-09-23,-155,0.0012127517696030117,0.0012664448775888766,0.0012395983235959441,13547855.462233961,0,0,0
2026-09-23,-154,0.0012664448775888766,0.0013225151825555592,0.0012944800300722179,41171286.207566902,0,363021.1522716037,0
2026-09-23,-151,0.0014422130331440423,0.0015060652591874421,0.0014741391461657422,31194586.028318696,0,72798.843777164657,0
2026-09-23,-145,0.0018703189076144018,0.001953125,0.0019117219538072009,36702217.668541722,0,234.53889586758612,0
2026-09-23,-129,0.0037406378152288035,0.00390625,0.0038234439076144018,13859260.04132634,0,1657863.4958885305,0
2026-09-23,-126,0.0042597958307236629,0.0044483931045183264,0.0043540944676209951,48778398.499299467,0,238065.29624330791,0
2026-09-24,-203,0.00015159397120037647,0.00015830560969860958,0.00015494979044949301,21405576.941538494,0,72829.953910555967,0
2026-09-24,-198,0.00018825815739843027,0.0001965930580992742,0.00019242560774885225,5023545.8842226341,0,0,0
2026-09-24,-181,0.00039318611619854841,0.00041059395276060278,0.00040189003447957557,20719355.960215423,0,0,0
2026-09-24,-177,0.00046757972690360044,0.00048828125,0.00047793048845180022,62073455.525024004,0,23007805.720157593,0
2026-09-24,-175,0.00050989930782588562,0.00053247447884045786,0.00052118689333317174,44111444.629747801,0,3763664.2793767061,0
2026-09-24,-174,0.00053247447884045786,0.0005560491380647908,0.00054426180845262438,28743644.059710409,0,3736326.708445291,0
2026-09-24,-170,0.0006332224387944383,0.00066125759127777961,0.00064724001503610896,103733377.47326556,0,90608140.431610301,0
2026-09-24,-167,0.00072110651657202117,0.00075303262959372107,0.00073706957308287112,42892819.211998805,0,73933.182440284771,0
2026-09-24,-165,0.00078637223239709682,0.00082118790552120557,0.00080378006895915114,66112595.228390805,0,3329316.3405498257,0
2026-09-24,-164,0.00082118790552120557,0.00085754500018227512,0.00083936645285174029,76310156.790651739,0,1352063.9558493549,0
2026-09-24,-163,0.00085754500018227512,0.00089551176094206173,0.00087652838056216848,8333925.1788083836,0,0,0
2026-09-24,-162,0.00089551176094206173,0.00093515945380720088,0.00091533560737463125,74916894.269336537,0,1580276.5534644532,0
2026-09-24,-161,0.00093515945380720088,0.0009765625,0.00095586097690360044,99743533.299645394,0,544762.873271644,0
2026-09-24,-158,0.0010649489576809157,0.0011120982761295816,0.0010885236169052488,14236733.742513387,0,134188.06382857999,0
2026-09-24,-155,0.0012127517696030117,0.0012664448775888766,0.0012395983235959441,13116439.671061348,0,0,0
2026-09-24,-154,0.0012664448775888766,0.0013225151825555592,0.0012944800300722179,38178682.30886589,0,363021.1522716037,0
2026-09-24,-151,0.0014422130331440423,0.0015060652591874421,0.0014741391461657422,30566685.061732132,0,71168.30771293056,0
2026-09-24,-145,0.0018703189076144018,0.001953125,0.0019117219538072009,36592090.19291652,0,234.53889586758612,0
2026-09-24,-129,0.0037406378152288035,0.00390625,0.0038234439076144018,13857240.059866561,0,1657863.4958885305,0
2026-09-24,-126,0.0042597958307236629,0.0044483931045183264,0.0043540944676209951,48584898.090389796,0,238065.29624330791,0
2026-09-25,-203,0.00015159397120037647,0.00015830560969860958,0.00015494979044949301,21053878.653187674,0,72829.953910555967,0
2026-09-25,-198,0.00018825815739843027,0.0001965930580992742,0.00019242560774885225,4757344.6919156481,0,0,0
2026-09-25,-181,0.00039318611619854841,0.00041059395276060278,0.00040189003447957557,20689355.960215356,0,0,0
2026-09-25,-177,0.00046757972690360044,0.00048828125,0.00047793048845180022,53869810.168635488,0,6569334.9664941747,0
2026-09-25,-175,0.00050989930782588562,0.00053247447884045786,0.00052118689333317174,38270781.276348799,0,3763664.2793767061,0
2026-09-25,-174,0.00053247447884045786,0.0005560491380647908,0.00054426180845262438,20461219.758205283,0,3571488.5297902743,0
2026-09-25,-171,0.00060637588480150586,0.0006332224387944383,0.00061979916179797203,57524141.387056522,0,72759038.200984642,0
2026-09-25,-170,0.0006332224387944383,0.00066125759127777961,0.00064724001503610896,80890274.398356721,0,35720310.103525534,0
2026-09-25,-167,0.00072110651657202117,0.00075303262959372107,0.00073706957308287112,42890198.287393548,0,73933.182440284771,0
2026-09-25,-165,0.00078637223239709682,0.00082118790552120557,0.00080378006895915114,64156212.109230496,0,3199893.9345138357,0
2026-09-25,-164,0.00082118790552120557,0.00085754500018227512,0.00083936645285174029,73938382.733646795,0,1352063.9558493549,0
2026-09-25,-163,0.00085754500018227512,0.00089551176094206173,0.00087652838056216848,8297303.4506454514,0,0,0
2026-09-25,-162,0.00089551176094206173,0.00093515945380720088,0.00091533560737463125,73410173.611815616,0,1580276.5534644532,0
2026-09-25,-161,0.00093515945380720088,0.0009765625,0.00095586097690360044,96472594.711227551,0,544762.873271644,0
2026-09-25,-158,0.0010649489576809157,0.0011120982761295816,0.0010885236169052488,14101026.582367448,0,134188.06382857999,0
2026-09-25,-155,0.0012127517696030117,0.0012664448775888766,0.0012395983235959441,13108309.762026338,0,0,0
2026-09-25,-154,0.0012664448775888766,0.0013225151825555592,0.0012944800300722179,36493493.774476238,0,363021.1522716037,0
2026-09-25,-151,0.0014422130331440423,0.0015060652591874421,0.0014741391461657422,29898375.594515249,0,71168.30771293056,0
2026-09-25,-145,0.0018703189076144018,0.001953125,0.0019117219538072009,36566266.311235569,0,234.53889586758612,0
2026-09-25,-129,0.0037406378152288035,0.00390625,0.0038234439076144018,13078177.422077458,0,1657863.4958885305,0
2026-09-25,-126,0.0042597958307236629,0.0044483931045183264,0.0043540944676209951,48178846.294106133,0,238065.29624330791,0
2026-09-26,-203,0.00015159397120037647,0.00015830560969860958,0.00015494979044949301,20828145.279290307,0,72829.953910555967,0
2026-09-26,-198,0.00018825815739843027,0.0001965930580992742,0.00019242560774885225,4757344.6919156481,0,0,0
2026-09-26,-181,0.00039318611619854841,0.00041059395276060278,0.00040189003447957557,20689355.960215356,0,0,0
2026-09-26,-177,0.00046757972690360044,0.00048828125,0.00047793048845180022,48689940.920142628,0,6564234.4967113184,0
2026-09-26,-175,0.00050989930782588562,0.00053247447884045786,0.00052118689333317174,37671001.478880435,0,3763664.2793767061,0
2026-09-26,-174,0.00053247447884045786,0.0005560491380647908,0.00054426180845262438,18379797.510685697,0,3571488.5297902743,0
2026-09-26,-171,0.00060637588480150586,0.0006332224387944383,0.00061979916179797203,45001710.983180054,0,47873860.713314481,0
2026-09-26,-170,0.0006332224387944383,0.00066125759127777961,0.00064724001503610896,107118342.68578659,0,59267710.941816188,0
2026-09-26,-167,0.00072110651657202117,0.00075303262959372107,0.00073706957308287112,42888651.793957658,0,73933.182440284771,0
2026-09-26,-165,0.00078637223239709682,0.00082118790552120557,0.00080378006895915114,63871391.968675658,0,3186054.1605732157,0
2026-09-26,-164,0.00082118790552120557,0.00085754500018227512,0.00083936645285174029,73591259.955475166,0,1352063.9558493549,0
2026-09-26,-163,0.00085754500018227512,0.00089551176094206173,0.00087652838056216848,8281219.3146483088,0,0,0
2026-09-26,-162,0.00089551176094206173,0.00093515945380720088,0.00091533560737463125,72522914.74989149,0,1580276.5534644532,0
2026-09-26,-161,0.00093515945380720088,0.0009765625,0.00095586097690360044,94795914.287977785,0,543662.28327164403,0
2026-09-26,-158,0.0010649489576809157,0.0011120982761295816,0.0010885236169052488,13751675.995417552,0,134188.06382857999,0
2026-09-26,-155,0.0012127517696030117,0.0012664448775888766,0.0012395983235959441,13107338.741342083,0,0,0
2026-09-26,-154,0.0012664448775888766,0.0013225151825555592,0.0012944800300722179,36431495.323460206,0,363021.1522716037,0
2026-09-26,-151,0.0014422130331440423,0.0015060652591874421,0.0014741391461657422,29753034.825635131,0,71168.30771293056,0
2026-09-26,-145,0.0018703189076144018,0.001953125,0.0019117219538072009,36311716.010645084,0,234.53889586758612,0
2026-09-26,-129,0.0037406378152288035,0.00390625,0.0038234439076144018,13018222.201007007,0,1657863.4958885305,0
2026-09-26,-126,0.0042597958307236629,0.0044483931045183264,0.0043540944676209951,48000784.164907344,0,238065.29624330791,0
2026-09-27,-203,0.00015159397120037647,0.00015830560969860958,0.00015494979044949301,20575676.191802956,0,72829.953910555967,0
2026-09-27,-198,0.00018825815739843027,0.0001965930580992742,0.00019242560774885225,4689485.6795438277,0,0,0
2026-09-27,-181,0.00039318611619854841,0.00041059395276060278,0.00040189003447957557,20689355.960215356,0,0,0
2026-09-27,-177,0.00046757972690360044,0.00048828125,0.00047793048845180022,43193245.137791835,0,6560391.3412981741,0
2026-09-27,-175,0.00050989930782588562,0.00053247447884045786,0.00052118689333317174,34915958.713715993,0,3763664.2793767061,0
2026-09-27,-174,0.00053247447884045786,0.0005560491380647908,0.00054426180845262438,16356795.418146277,0,3571488.5297902743,0
2026-09-27,-171,0.00060637588480150586,0.0006332224387944383,0.00061979916179797203,35217176.632426202,0,549321.56199136935,0
2026-09-27,-170,0.0006332224387944383,0.00066125759127777961,0.00064724001503610896,138061065.55572292,0,107727042.03228235,0
2026-09-27,-167,0.00072110651657202117,0.00075303262959372107,0.00073706957308287112,42811625.41840706,0,73933.182440284771,0
2026-09-27,-165,0.00078637223239709682,0.00082118790552120557,0.00080378006895915114,62154425.777097389,0,2386546.7515211953,0
2026-09-27,-164,0.00082118790552120557,0.00085754500018227512,0.00083936645285174029,71416507.310332954,0,1352063.9558493549,0
2026-09-27,-163,0.00085754500018227512,0.00089551176094206173,0.00087652838056216848,8281219.3146483088,0,0,0
2026-09-27,-162,0.00089551176094206173,0.00093515945380720088,0.00091533560737463125,70415909.602629021,0,1580276.5534644532,0
2026-09-27,-161,0.00093515945380720088,0.0009765625,0.00095586097690360044,93152948.743356138,0,543662.28327164403,0
2026-09-27,-158,0.0010649489576809157,0.0011120982761295816,0.0010885236169052488,13745623.638258956,0,134188.06382857999,0
2026-09-27,-155,0.0012127517696030117,0.0012664448775888766,0.0012395983235959441,13107338.272644602,0,0,0
2026-09-27,-154,0.0012664448775888766,0.0013225151825555592,0.0012944800300722179,35987975.865236603,0,363021.1522716037,0
2026-09-27,-151,0.0014422130331440423,0.0015060652591874421,0.0014741391461657422,29536056.014921863,0,71168.30771293056,0
2026-09-27,-145,0.0018703189076144018,0.001953125,0.0019117219538072009,34477907.80959224,0,234.53889586758612,0
2026-09-27,-129,0.0037406378152288035,0.00390625,0.0038234439076144018,12812852.006572073,0,1657863.4958885305,0
2026-09-27,-126,0.0042597958307236629,0.0044483931045183264,0.0043540944676209951,47514311.274591476,0,238065.29624330791,0
2026-09-28,-203,0.00015159397120037647,0.00015830560969860958,0.00015494979044949301,20467142.548085071,0,72829.953910555967,0
2026-09-28,-198,0.00018825815739843027,0.0001965930580992742,0.00019242560774885225,2450787.4728211565,0,0,0
2026-09-28,-181,0.00039318611619854841,0.00041059395276060278,0.00040189003447957557,20216361.274164431,0,0,0
2026-09-28,-177,0.00046757972690360044,0.00048828125,0.00047793048845180022,34309978.322230019,0,6559025.1342795826,0
2026-09-28,-175,0.00050989930782588562,0.00053247447884045786,0.00052118689333317174,34516866.07967519,0,3763664.2793767061,0
2026-09-28,-174,0.00053247447884045786,0.0005560491380647908,0.00054426180845262438,15413357.420912284,0,3571488.5297902743,0
2026-09-28,-171,0.00060637588480150586,0.0006332224387944383,0.00061979916179797203,34228467.780004263,0,549321.56199136935,0
2026-09-28,-170,0.0006332224387944383,0.00066125759127777961,0.00064724001503610896,115469936.24519877,0,24230483.601871181,0
2026-09-28,-168,0.00069053396600248786,0.00072110651657202117,0.00070582024128725451,53268854.270969354,0,80072667.457395956,0
2026-09-28,-167,0.00072110651657202117,0.00075303262959372107,0.00073706957308287112,41978233.690172695,0,73933.182440284771,0
2026-09-28,-165,0.00078637223239709682,0.00082118790552120557,0.00080378006895915114,60109575.703659259,0,1948441.5898720955,0
2026-09-28,-164,0.00082118790552120557,0.00085754500018227512,0.00083936645285174029,69450175.876112282,0,1352063.9558493549,0
2026-09-28,-163,0.00085754500018227512,0.00089551176094206173,0.00087652838056216848,8268053.1260560639,0,0,0
2026-09-28,-162,0.00089551176094206173,0.00093515945380720088,0.00091533560737463125,67963028.63050662,0,1580276.5534644532,0
2026-09-28,-161,0.00093515945380720088,0.0009765625,0.00095586097690360044,90738196.626007706,0,543662.28327164403,0
2026-09-28,-158,0.0010649489576809157,0.0011120982761295816,0.0010885236169052488,13743786.195825433,0,134188.06382857999,0
2026-09-28,-155,0.0012127517696030117,0.0012664448775888766,0.0012395983235959441,12906226.82592099,0,0,0
2026-09-28,-154,0.0012664448775888766,0.0013225151825555592,0.0012944800300722179,34974960.285764478,0,363021.1522716037,0
2026-09-28,-151,0.0014422130331440423,0.0015060652591874421,0.0014741391461657422,29048687.807714481,0,71168.30771293056,0
2026-09-28,-145,0.0018703189076144018,0.001953125,0.0019117219538072009,33831238.884998329,0,234.53889586758612,0
2026-09-28,-129,0.0037406378152288035,0.00390625,0.0038234439076144018,12576929.770998638,0,1657863.4958885305,0
2026-09-28,-126,0.0042597958307236629,0.0044483931045183264,0.0043540944676209951,47017269.203053556,0,238065.29624330791,0
2026-09-29,-203,0.00015159397120037647,0.00015830560969860958,0.00015494979044949301,20467142.548085071,0,72829.953910555967,0
2026-09-29,-198,0.00018825815739843027,0.0001965930580992742,0.00019242560774885225,2450787.4728211565,0,0,0
2026-09-29,-181,0.00039318611619854841,0.00041059395276060278,0.00040189003447957557,18364903.727216497,0,0,0
2026-09-29,-177,0.00046757972690360044,0.00048828125,0.00047793048845180022,28650252.164948411,0,6259078.3842795826,0
2026-09-29,-175,0.00050989930782588562,0.00053247447884045786,0.00052118689333317174,32359055.898374867,0,3763664.2793767061,0
2026-09-29,-174,0.00053247447884045786,0.0005560491380647908,0.00054426180845262438,14996181.470896369,0,3571488.5297902743,0
2026-09-29,-171,0.00060637588480150586,0.0006332224387944383,0.00061979916179797203,25374958.72369083,0,541307.28678104235,0
2026-09-29,-170,0.0006332224387944383,0.00066125759127777961,0.00064724001503610896,172612405.48574144,0,108955781.42086895,0
2026-09-29,-168,0.00069053396600248786,0.00072110651657202117,0.00070582024128725451,37045160.299508937,0,601802.55511655787,0
2026-09-29,-167,0.00072110651657202117,0.00075303262959372107,0.00073706957308287112,41977953.209782362,0,73933.182440284771,0
2026-09-29,-165,0.00078637223239709682,0.00082118790552120557,0.00080378006895915114,52731665.368617304,0,1544514.9823648955,0
2026-09-29,-164,0.00082118790552120557,0.00085754500018227512,0.00083936645285174029,65213810.140215427,0,1352063.9558493549,0
2026-09-29,-163,0.00085754500018227512,0.00089551176094206173,0.00087652838056216848,8257370.166366213,0,0,0
2026-09-29,-162,0.00089551176094206173,0.00093515945380720088,0.00091533560737463125,64984816.166521177,0,1580276.5534644532,0
2026-09-29,-161,0.00093515945380720088,0.0009765625,0.00095586097690360044,89161763.000408694,0,543662.28327164403,0
2026-09-29,-158,0.0010649489576809157,0.0011120982761295816,0.0010885236169052488,13520285.846968917,0,134188.06382857999,0
2026-09-29,-155,0.0012127517696030117,0.0012664448775888766,0.0012395983235959441,12873894.529886397,0,0,0
2026-09-29,-154,0.0012664448775888766,0.0013225151825555592,0.0012944800300722179,32866319.918165036,0,363021.1522716037,0
2026-09-29,-151,0.0014422130331440423,0.0015060652591874421,0.0014741391461657422,26908083.307301156,0,71168.30771293056,0
2026-09-29,-145,0.0018703189076144018,0.001953125,0.0019117219538072009,30114697.433423523,0,234.53889586758612,0
2026-09-29,-129,0.0037406378152288035,0.00390625,0.0038234439076144018,12188169.592999976,0,1657863.4958885305,0
2026-09-29,-126,0.0042597958307236629,0.0044483931045183264,0.0043540944676209951,45233594.427479789,0,238065.29624330791,0
2026-09-30,-203,0.00015159397120037647,0.00015830560969860958,0.00015494979044949301,20429339.003396999,0,72829.953910555967,0
2026-09-30,-198,0.00018825815739843027,0.0001965930580992742,0.00019242560774885225,2450787.4728211565,0,0,0
2026-09-30,-181,0.00039318611619854841,0.00041059395276060278,0.00040189003447957557,18364873.366400782,0,0,0
2026-09-30,-177,0.00046757972690360044,0.00048828125,0.00047793048845180022,28432819.385092542,0,6259078.3842795826,0
2026-09-30,-175,0.00050989930782588562,0.00053247447884045786,0.00052118689333317174,31627067.937961161,0,3763664.2793767061,0
2026-09-30,-174,0.00053247447884045786,0.0005560491380647908,0.00054426180845262438,14422601.354147613,0,3571488.5297902743,0
2026-09-30,-171,0.00060637588480150586,0.0006332224387944383,0.00061979916179797203,68858248.36047022,0,63876488.691198051,0
2026-09-30,-170,0.0006332224387944383,0.00066125759127777961,0.00064724001503610896,144735282.72326341,0,48114698.530007668,0
2026-09-30,-168,0.00069053396600248786,0.00072110651657202117,0.00070582024128725451,30171038.073219355,0,583192.90583118761,0
2026-09-30,-167,0.00072110651657202117,0.00075303262959372107,0.00073706957308287112,41454062.088186875,0,73933.182440284771,0
2026-09-30,-165,0.00078637223239709682,0.00082118790552120557,0.00080378006895915114,51234023.240283012,0,1462598.7050490854,0
2026-09-30,-164,0.00082118790552120557,0.00085754500018227512,0.00083936645285174029,63469860.134868659,0,1352063.9558493549,0
2026-09-30,-163,0.00085754500018227512,0.00089551176094206173,0.00087652838056216848,8223006.7029818175,0,0,0
2026-09-30,-162,0.00089551176094206173,0.00093515945380720088,0.00091533560737463125,64624125.198868722,0,1580276.5534644532,0
2026-09-30,-161,0.00093515945380720088,0.0009765625,0.00095586097690360044,84118166.454608604,0,543662.28327164403,0
2026-09-30,-158,0.0010649489576809157,0.0011120982761295816,0.0010885236169052488,13443186.324104212,0,134188.06382857999,0
2026-09-30,-155,0.0012127517696030117,0.0012664448775888766,0.0012395983235959441,12873894.529886397,0,0,0
2026-09-30,-154,0.0012664448775888766,0.0013225151825555592,0.0012944800300722179,32813858.197956011,0,363021.1522716037,0
2026-09-30,-151,0.0014422130331440423,0.0015060652591874421,0.0014741391461657422,26904839.703859057,0,71168.30771293056,0
2026-09-30,-145,0.0018703189076144018,0.001953125,0.0019117219538072009,30044169.029616304,0,234.53889586758612,0
2026-09-30,-129,0.0037406378152288035,0.00390625,0.0038234439076144018,12181674.936643133,0,1657863.4958885305,0
2026-09-30,-126,0.0042597958307236629,0.0044483931045183264,0.0043540944676209951,45064141.569066361,0,238065.29624330791,0
2026-10-01,-203,0.00015159397120037647,0.00015830560969860958,0.00015494979044949301,20325031.145763882,0,72829.953910555967,0
2026-10-01,-198,0.00018825815739843027,0.0001965930580992742,0.00019242560774885225,2233273.6343530752,0,0,0
2026-10-01,-181,0.00039318611619854841,0.00041059395276060278,0.00040189003447957557,18364816.856627528,0,0,0
2026-10-01,-177,0.00046757972690360044,0.00048828125,0.00047793048845180022,25841009.286655508,0,6259078.3842795826,0
2026-10-01,-176,0.00048828125,0.00050989930782588562,0.00049909027891294287,60475570.290330887,0,105038297.03746644,0
2026-10-01,-175,0.00050989930782588562,0.00053247447884045786,0.00052118689333317174,30631596.212404765,0,3763664.2793767061,0
2026-10-01,-174,0.00053247447884045786,0.0005560491380647908,0.00054426180845262438,14078451.533328479,0,3571488.5297902743,0
2026-10-01,-171,0.00060637588480150586,0.0006332224387944383,0.00061979916179797203,53411211.56281139,0,13974512.275952419,0
2026-10-01,-170,0.0006332224387944383,0.00066125759127777961,0.00064724001503610896,121938120.2528901,0,10306488.827525001,0
2026-10-01,-168,0.00069053396600248786,0.00072110651657202117,0.00070582024128725451,23900925.937962044,0,580440.19541397982,0
2026-10-01,-167,0.00072110651657202117,0.00075303262959372107,0.00073706957308287112,41453438.457076475,0,73933.182440284771,0
2026-10-01,-165,0.00078637223239709682,0.00082118790552120557,0.00080378006895915114,50664863.311657004,0,1445291.8750907255,0
2026-10-01,-164,0.00082118790552120557,0.00085754500018227512,0.00083936645285174029,61493257.393830083,0,1352063.9558493549,0
2026-10-01,-163,0.00085754500018227512,0.00089551176094206173,0.00087652838056216848,8222456.9961129054,0,0,0
2026-10-01,-162,0.00089551176094206173,0.00093515945380720088,0.00091533560737463125,50302062.634122536,0,1580276.5534644532,0
2026-10-01,-161,0.00093515945380720088,0.0009765625,0.00095586097690360044,83252515.347680345,0,542260.67986678286,0
2026-10-01,-158,0.0010649489576809157,0.0011120982761295816,0.0010885236169052488,9654787.9662723951,0,134188.06382857999,0
2026-10-01,-155,0.0012127517696030117,0.0012664448775888766,0.0012395983235959441,12873213.771926776,0,0,0
2026-10-01,-154,0.0012664448775888766,0.0013225151825555592,0.0012944800300722179,32183116.057625286,0,363021.1522716037,0
2026-10-01,-151,0.0014422130331440423,0.0015060652591874421,0.0014741391461657422,26607838.974823702,0,71168.30771293056,0
2026-10-01,-145,0.0018703189076144018,0.001953125,0.0019117219538072009,24966525.927790318,0,234.53889586758612,0
2026-10-01,-129,0.0037406378152288035,0.00390625,0.0038234439076144018,12148086.712871671,0,1657863.4958885305,0
2026-10-01,-126,0.0042597958307236629,0.0044483931045183264,0.0043540944676209951,43608109.729020029,0,238065.29624330791,0
2026-10-02,-203,0.00015159397120037647,0.00015830560969860958,0.00015494979044949301,20188636.57462078,0,72829.953910555967,0
2026-10-02,-198,0.00018825815739843027,0.0001965930580992742,0.00019242560774885225,1439316.6533647198,0,0,0
2026-10-02,-181,0.00039318611619854841,0.00041059395276060278,0.00040189003447957557,18221438.664991148,0,0,0
2026-10-02,-178,0.00044775588047103087,0.00046757972690360044,0.00045766780368731563,44528440.623010069,0,62923497.131410353,0
2026-10-02,-177,0.00046757972690360044,0.00048828125,0.00047793048845180022,25530415.016042802,0,6256866.4899095744,0
2026-10-02,-176,0.00048828125,0.00050989930782588562,0.00049909027891294287,51631001.948286459,0,61407549.122005805,0
2026-10-02,-175,0.00050989930782588562,0.00053247447884045786,0.00052118689333317174,29755791.836950444,0,3763664.2793767061,0
2026-10-02,-174,0.00053247447884045786,0.0005560491380647908,0.00054426180845262438,13952603.198493835,0,3527865.7520497041,0
2026-10-02,-171,0.00060637588480150586,0.0006332224387944383,0.00061979916179797203,40507503.1390073,0,848420.12817788392,0
2026-10-02,-170,0.0006332224387944383,0.00066125759127777961,0.00064724001503610896,112317938.26678005,0,7585134.2531370679,0
2026-10-02,-168,0.00069053396600248786,0.00072110651657202117,0.00070582024128725451,22564425.311240904,0,576225.33477747208,0
2026-10-02,-167,0.00072110651657202117,0.00075303262959372107,0.00073706957308287112,41452456.919066854,0,73933.182440284771,0
2026-10-02,-165,0.00078637223239709682,0.00082118790552120557,0.00080378006895915114,47820355.678105697,0,601395.34292685415,0
2026-10-02,-164,0.00082118790552120557,0.00085754500018227512,0.00083936645285174029,57883250.293305762,0,75706.897553095579,0
2026-10-02,-163,0.00085754500018227512,0.00089551176094206173,0.00087652838056216848,8222456.9961129054,0,0,0
2026-10-02,-162,0.00089551176094206173,0.00093515945380720088,0.00091533560737463125,49115297.116416045,0,1580276.5534644532,0
2026-10-02,-161,0.00093515945380720088,0.0009765625,0.00095586097690360044,83094977.913073912,0,541021.4798667829,0
2026-10-02,-158,0.0010649489576809157,0.0011120982761295816,0.0010885236169052488,9475379.9050383102,0,134188.06382857999,0
2026-10-02,-155,0.0012127517696030117,0.0012664448775888766,0.0012395983235959441,12722476.380516393,0,0,0
2026-10-02,-154,0.0012664448775888766,0.0013225151825555592,0.0012944800300722179,30514331.811604753,0,363021.1522716037,0
2026-10-02,-151,0.0014422130331440423,0.0015060652591874421,0.0014741391461657422,26505008.491615877,0,71168.30771293056,0
2026-10-02,-145,0.0018703189076144018,0.001953125,0.0019117219538072009,24398955.189848565,0,234.53889586758612,0
2026-10-02,-129,0.0037406378152288035,0.00390625,0.0038234439076144018,12147557.284664515,0,1657863.4958885305,0
2026-10-02,-126,0.0042597958307236629,0.0044483931045183264,0.0043540944676209951,43350960.240068831,0,238065.29624330791,0
2026-10-03,-203,0.00015159397120037647,0.00015830560969860958,0.00015494979044949301,20188636.57462078,0,72829.953910555967,0
2026-10-03,-198,0.00018825815739843027,0.0001965930580992742,0.00019242560774885225,1439316.6533647198,0,0,0
2026-10-03,-181,0.00039318611619854841,0.00041059395276060278,0.00040189003447957557,18221438.664991148,0,0,0
2026-10-03,-178,0.00044775588047103087,0.00046757972690360044,0.00045766780368731563,33080201.93804808,0,44073266.614229783,0
2026-10-03,-177,0.00046757972690360044,0.00048828125,0.00047793048845180022,24238623.322716672,0,6256866.4899095744,0
2026-10-03,-176,0.00048828125,0.00050989930782588562,0.00049909027891294287,38428161.638928622,0,5709497.4639546201,0
2026-10-03,-175,0.00050989930782588562,0.00053247447884045786,0.00052118689333317174,29502029.992325377,0,3763664.2793767061,0
2026-10-03,-174,0.00053247447884045786,0.0005560491380647908,0.00054426180845262438,12906268.444313161,0,1977004.5054594444,0
2026-10-03,-173,0.0005560491380647908,0.00058066753662242238,0.00056835833734360654,60153736.053095348,0,64004184.319660373,0
2026-10-03,-171,0.00060637588480150586,0.0006332224387944383,0.00061979916179797203,27696737.351304621,0,518515.68021254003,0
2026-10-03,-170,0.0006332224387944383,0.00066125759127777961,0.00064724001503610896,108520250.26148437,0,7576681.1043125289,0
2026-10-03,-168,0.00069053396600248786,0.00072110651657202117,0.00070582024128725451,21820191.684765283,0,574502.19182898721,0
2026-10-03,-167,0.00072110651657202117,0.00075303262959372107,0.00073706957308287112,41013253.25047148,0,73933.182440284771,0
2026-10-03,-165,0.00078637223239709682,0.00082118790552120557,0.00080378006895915114,47669558.234882869,0,601395.34292685415,0
2026-10-03,-164,0.00082118790552120557,0.00085754500018227512,0.00083936645285174029,57869144.94242464,0,75706.897553095579,0
2026-10-03,-163,0.00085754500018227512,0.00089551176094206173,0.00087652838056216848,8127693.7012968631,0,0,0
2026-10-03,-162,0.00089551176094206173,0.00093515945380720088,0.00091533560737463125,48920209.756323114,0,1580276.5534644532,0
2026-10-03,-161,0.00093515945380720088,0.0009765625,0.00095586097690360044,83065366.770278767,0,541021.4798667829,0
2026-10-03,-158,0.0010649489576809157,0.0011120982761295816,0.0010885236169052488,9468187.856543703,0,134188.06382857999,0
2026-10-03,-155,0.0012127517696030117,0.0012664448775888766,0.0012395983235959441,12722476.380516393,0,0,0
2026-10-03,-154,0.0012664448775888766,0.0013225151825555592,0.0012944800300722179,30294411.330332059,0,363021.1522716037,0
2026-10-03,-151,0.0014422130331440423,0.0015060652591874421,0.0014741391461657422,26094747.354256228,0,71168.30771293056,0
2026-10-03,-145,0.0018703189076144018,0.001953125,0.0019117219538072009,24278109.029313687,0,234.53889586758612,0
2026-10-03,-129,0.0037406378152288035,0.00390625,0.0038234439076144018,11222587.102214959,0,1657863.4958885305,0
2026-10-03,-126,0.0042597958307236629,0.0044483931045183264,0.0043540944676209951,42827053.929473758,0,238065.29624330791,0
2026-10-04,-203,0.00015159397120037647,0.00015830560969860958,0.00015494979044949301,19992151.621549122,0,72829.953910555967,0
2026-10-04,-198,0.00018825815739843027,0.0001965930580992742,0.00019242560774885225,1437294.6684582462,0,0,0
2026-10-04,-181,0.00039318611619854841,0.00041059395276060278,0.00040189003447957557,18221438.664991148,0,0,0
2026-10-04,-178,0.00044775588047103087,0.00046757972690360044,0.00045766780368731563,27798263.348394662,0,831525.91213294654,0
2026-10-04,-177,0.00046757972690360044,0.00048828125,0.00047793048845180022,24208853.575733535,0,6256866.4899095744,0
2026-10-04,-176,0.00048828125,0.00050989930782588562,0.00049909027891294287,98151534.650712714,0,104001804.94696115,0
2026-10-04,-175,0.00050989930782588562,0.00053247447884045786,0.00052118689333317174,26938413.284656703,0,3763664.2793767061,0
2026-10-04,-174,0.00053247447884045786,0.0005560491380647908,0.00054426180845262438,12886440.429286635,0,1977004.5054594444,0
2026-10-04,-173,0.0005560491380647908,0.00058066753662242238,0.00056835833734360654,23258356.290346771,0,19935267.238714755,0
2026-10-04,-171,0.00060637588480150586,0.0006332224387944383,0.00061979916179797203,19432598.165829606,0,518515.68021254003,0
2026-10-04,-170,0.0006332224387944383,0.00066125759127777961,0.00064724001503610896,101389292.13555783,0,7389418.1828903882,0
2026-10-04,-168,0.00069053396600248786,0.00072110651657202117,0.00070582024128725451,21372382.722455237,0,574502.19182898721,0
2026-10-04,-167,0.00072110651657202117,0.00075303262959372107,0.00073706957308287112,40985742.089125201,0,73933.182440284771,0
2026-10-04,-165,0.00078637223239709682,0.00082118790552120557,0.00080378006895915114,46789818.177784763,0,601395.34292685415,0
2026-10-04,-164,0.00082118790552120557,0.00085754500018227512,0.00083936645285174029,57766882.723883197,0,75706.897553095579,0
2026-10-04,-163,0.00085754500018227512,0.00089551176094206173,0.00087652838056216848,8126568.5674913889,0,0,0
2026-10-04,-162,0.00089551176094206173,0.00093515945380720088,0.00091533560737463125,47284550.008678541,0,1580276.5534644532,0
2026-10-04,-161,0.00093515945380720088,0.0009765625,0.00095586097690360044,82870391.149424478,0,541021.4798667829,0
2026-10-04,-158,0.0010649489576809157,0.0011120982761295816,0.0010885236169052488,9452548.2316189613,0,134188.06382857999,0
2026-10-04,-155,0.0012127517696030117,0.0012664448775888766,0.0012395983235959441,12684150.078193724,0,0,0
2026-10-04,-154,0.0012664448775888766,0.0013225151825555592,0.0012944800300722179,27927038.689808488,0,363021.1522716037,0
2026-10-04,-151,0.0014422130331440423,0.0015060652591874421,0.0014741391461657422,22891251.006909542,0,71168.30771293056,0
2026-10-04,-145,0.0018703189076144018,0.001953125,0.0019117219538072009,24113234.109862205,0,234.53889586758612,0
2026-10-04,-129,0.0037406378152288035,0.00390625,0.0038234439076144018,11220090.053419635,0,1657863.4958885305,0
2026-10-04,-126,0.0042597958307236629,0.0044483931045183264,0.0043540944676209951,41759491.437391043,0,238065.29624330791,0
2026-10-05,-203,0.00015159397120037647,0.00015830560969860958,0.00015494979044949301,19981063.113029711,0,72829.953910555967,0
2026-10-05,-198,0.00018825815739843027,0.0001965930580992742,0.00019242560774885225,1437294.6684582462,0,0,0
2026-10-05,-181,0.00039318611619854841,0.00041059395276060278,0.00040189003447957557,18221438.664991055,0,0,0
2026-10-05,-178,0.00044775588047103087,0.00046757972690360044,0.00045766780368731563,66493506.205242276,0,60815706.361509338,0
2026-10-05,-177,0.00046757972690360044,0.00048828125,0.00047793048845180022,23787405.180570349,0,1109646.8844738239,0
2026-10-05,-176,0.00048828125,0.00050989930782588562,0.00049909027891294287,77380150.411233336,0,69765934.128847748,0
2026-10-05,-175,0.00050989930782588562,0.00053247447884045786,0.00052118689333317174,26480801.864954233,0,3763664.2793767061,0
2026-10-05,-174,0.00053247447884045786,0.0005560491380647908,0.00054426180845262438,12622546.320100879,0,214421.53600805078,0
2026-10-05,-173,0.0005560491380647908,0.00058066753662242238,0.00056835833734360654,20371165.293320876,0,264194.61190606433,0
2026-10-05,-171,0.00060637588480150586,0.0006332224387944383,0.00061979916179797203,17837351.749106649,0,515063.22819777753,0
2026-10-05,-170,0.0006332224387944383,0.00066125759127777961,0.00064724001503610896,98536890.695739418,0,6052299.0330890482,0
2026-10-05,-168,0.00069053396600248786,0.00072110651657202117,0.00070582024128725451,19313422.704909775,0,574502.19182898721,0
2026-10-05,-167,0.00072110651657202117,0.00075303262959372107,0.00073706957308287112,40975556.580837287,0,73933.182440284771,0
2026-10-05,-165,0.00078637223239709682,0.00082118790552120557,0.00080378006895915114,45514375.749118231,0,601395.34292685415,0
2026-10-05,-164,0.00082118790552120557,0.00085754500018227512,0.00083936645285174029,56761457.271498449,0,75706.897553095579,0
2026-10-05,-163,0.00085754500018227512,0.00089551176094206173,0.00087652838056216848,8126568.5674913889,0,0,0
2026-10-05,-162,0.00089551176094206173,0.00093515945380720088,0.00091533560737463125,46849532.377406761,0,1580276.5534644532,0
2026-10-05,-161,0.00093515945380720088,0.0009765625,0.00095586097690360044,81289401.291189611,0,540091.51270880364,0
2026-10-05,-158,0.0010649489576809157,0.0011120982761295816,0.0010885236169052488,9444420.4295401461,0,134188.06382857999,0
2026-10-05,-155,0.0012127517696030117,0.0012664448775888766,0.0012395983235959441,12684150.078193724,0,0,0
2026-10-05,-154,0.0012664448775888766,0.0013225151825555592,0.0012944800300722179,27876972.027051251,0,363021.1522716037,0
2026-10-05,-151,0.0014422130331440423,0.0015060652591874421,0.0014741391461657422,22814328.838242088,0,71168.30771293056,0
2026-10-05,-145,0.0018703189076144018,0.001953125,0.0019117219538072009,23495371.213046934,0,234.53889586758612,0
2026-10-05,-129,0.0037406378152288035,0.00390625,0.0038234439076144018,11220090.053419635,0,1657863.4958885305,0
2026-10-05,-126,0.0042597958307236629,0.0044483931045183264,0.0043540944676209951,41608154.46796722,0,238065.29624330791,0
2026-10-06,-203,0.00015159397120037647,0.00015830560969860958,0.00015494979044949301,14481062.113029702,0,72829.953910555967,0
2026-10-06,-198,0.00018825815739843027,0.0001965930580992742,0.00019242560774885225,1437155.1170820084,0,0,0
2026-10-06,-191,0.00025494965391294281,0.00026623723942022893,0.00026059344666658587,84476526.179257378,0,164871461.60152936,0
2026-10-06,-181,0.00039318611619854841,0.00041059395276060278,0.00040189003447957557,18219819.722959366,0,0,0
2026-10-06,-178,0.00044775588047103087,0.00046757972690360044,0.00045766780368731563,45920707.680934958,0,2290791.6794515247,0
2026-10-06,-177,0.00046757972690360044,0.00048828125,0.00047793048845180022,20746715.502822939,0,885536.90134617733,0
2026-10-06,-176,0.00048828125,0.00050989930782588562,0.00049909027891294287,56497245.91261059,0,1161202.9489826756,0
2026-10-06,-175,0.00050989930782588562,0.00053247447884045786,0.00052118689333317174,21992678.680475898,0,487025.6209279446,0
2026-10-06,-174,0.00053247447884045786,0.0005560491380647908,0.00054426180845262438,9446299.7912515905,0,0,0
2026-10-06,-173,0.0005560491380647908,0.00058066753662242238,0.00056835833734360654,16217976.789509451,0,203333.74606453677,0
2026-10-06,-171,0.00060637588480150586,0.0006332224387944383,0.00061979916179797203,15269988.971219618,0,0,0
2026-10-06,-170,0.0006332224387944383,0.00066125759127777961,0.00064724001503610896,80684937.058180809,0,524611.83006683062,0
2026-10-06,-168,0.00069053396600248786,0.00072110651657202117,0.00070582024128725451,19108760.87743561,0,574502.19182898721,0
2026-10-06,-167,0.00072110651657202117,0.00075303262959372107,0.00073706957308287112,40951799.69734063,0,73933.182440284771,0
2026-10-06,-165,0.00078637223239709682,0.00082118790552120557,0.00080378006895915114,40042334.994710177,0,234049.63672858538,0
2026-10-06,-164,0.00082118790552120557,0.00085754500018227512,0.00083936645285174029,52024552.780626237,0,75706.897553095579,0
2026-10-06,-163,0.00085754500018227512,0.00089551176094206173,0.00087652838056216848,8125515.5020726286,0,0,0
2026-10-06,-162,0.00089551176094206173,0.00093515945380720088,0.00091533560737463125,40767287.404878668,0,1443150.4875307623,0
2026-10-06,-161,0.00093515945380720088,0.0009765625,0.00095586097690360044,73805759.334767878,0,445491.19512914302,0
2026-10-06,-158,0.0010649489576809157,0.0011120982761295816,0.0010885236169052488,9345265.1997878514,0,134188.06382857999,0
2026-10-06,-155,0.0012127517696030117,0.0012664448775888766,0.0012395983235959441,12681137.562617201,0,0,0
2026-10-06,-154,0.0012664448775888766,0.0013225151825555592,0.0012944800300722179,26565543.07357065,0,363021.1522716037,0
2026-10-06,-151,0.0014422130331440423,0.0015060652591874421,0.0014741391461657422,21335083.397048678,0,71168.30771293056,0
2026-10-06,-145,0.0018703189076144018,0.001953125,0.0019117219538072009,22316422.901691686,0,234.53889586758612,0
2026-10-06,-129,0.0037406378152288035,0.00390625,0.0038234439076144018,11004986.416981373,0,1657863.4958885305,0
2026-10-06,-126,0.0042597958307236629,0.0044483931045183264,0.0043540944676209951,40329322.026862636,0,238065.29624330791,0
2026-10-07,-203,0.00015159397120037647,0.00015830560969860958,0.00015494979044949301,11731062.113029702,0,72829.953910555967,0
2026-10-07,-198,0.00018825815739843027,0.0001965930580992742,0.00019242560774885225,1437155.1170820084,0,0,0
2026-10-07,-191,0.00025494965391294281,0.00026623723942022893,0.00026059344666658587,48317363.175841153,0,63028046.33891359,0
2026-10-07,-188,0.00029033376831121119,0.00030318794240075293,0.00029676085535598209,79819904.865036249,0,91292844.254541889,0
2026-10-07,-181,0.00039318611619854841,0.00041059395276060278,0.00040189003447957557,18219819.722959366,0,0,0
2026-10-07,-178,0.00044775588047103087,0.00046757972690360044,0.00045766780368731563,34273876.774389453,0,1620164.2728094975,0
2026-10-07,-177,0.00046757972690360044,0.00048828125,0.00047793048845180022,19543594.193356469,0,885536.90134617733,0
2026-10-07,-176,0.00048828125,0.00050989930782588562,0.00049909027891294287,52427350.800167002,0,637034.48157347506,0
2026-10-07,-175,0.00050989930782588562,0.00053247447884045786,0.00052118689333317174,21458933.659819502,0,487025.6209279446,0
2026-10-07,-174,0.00053247447884045786,0.0005560491380647908,0.00054426180845262438,9333166.9038915634,0,0,0
2026-10-07,-173,0.0005560491380647908,0.00058066753662242238,0.00056835833734360654,13872431.671302183,0,203333.74606453677,0
2026-10-07,-171,0.00060637588480150586,0.0006332224387944383,0.00061979916179797203,14273549.004927969,0,0,0
2026-10-07,-170,0.0006332224387944383,0.00066125759127777961,0.00064724001503610896,76723066.664191008,0,524611.83006683062,0
2026-10-07,-168,0.00069053396600248786,0.00072110651657202117,0.00070582024128725451,18217172.779795263,0,574502.19182898721,0
2026-10-07,-167,0.00072110651657202117,0.00075303262959372107,0.00073706957308287112,40943290.681529105,0,73933.182440284771,0
2026-10-07,-165,0.00078637223239709682,0.00082118790552120557,0.00080378006895915114,39480385.258117661,0,234049.63672858538,0
2026-10-07,-164,0.00082118790552120557,0.00085754500018227512,0.00083936645285174029,51355834.515069246,0,75706.897553095579,0
2026-10-07,-163,0.00085754500018227512,0.00089551176094206173,0.00087652838056216848,8125403.5236630458,0,0,0
2026-10-07,-162,0.00089551176094206173,0.00093515945380720088,0.00091533560737463125,40643143.923825726,0,1443150.4875307623,0
2026-10-07,-161,0.00093515945380720088,0.0009765625,0.00095586097690360044,73299547.522594094,0,445491.19512914302,0
2026-10-07,-158,0.0010649489576809157,0.0011120982761295816,0.0010885236169052488,9256093.4182846397,0,134188.06382857999,0
2026-10-07,-155,0.0012127517696030117,0.0012664448775888766,0.0012395983235959441,12681137.562617201,0,0,0
2026-10-07,-154,0.0012664448775888766,0.0013225151825555592,0.0012944800300722179,25714844.735829219,0,363021.1522716037,0
2026-10-07,-151,0.0014422130331440423,0.0015060652591874421,0.0014741391461657422,21275460.892187912,0,71168.30771293056,0
2026-10-07,-145,0.0018703189076144018,0.001953125,0.0019117219538072009,22104594.221864223,0,234.53889586758612,0
2026-10-07,-129,0.0037406378152288035,0.00390625,0.0038234439076144018,10819942.834533023,0,1657863.4958885305,0
2026-10-07,-126,0.0042597958307236629,0.0044483931045183264,0.0043540944676209951,40158005.654949114,0,238065.29624330791,0
2026-10-08,-203,0.00015159397120037647,0.00015830560969860958,0.00015494979044949301,11722319.721486676,0,72829.953910555967,0
2026-10-08,-198,0.00018825815739843027,0.0001965930580992742,0.00019242560774885225,1238197.238797171,0,0,0
2026-10-08,-195,0.00021438625004556878,0.00022387794023551543,0.00021913209514054212,52738521.876002416,0,98544405.966455594,0
2026-10-08,-191,0.00025494965391294281,0.00026623723942022893,0.00026059344666658587,43677255.522674777,0,640618.23614337109,0
2026-10-08,-188,0.00029033376831121119,0.00030318794240075293,0.00029676085535598209,59295355.394618921,0,70133124.368214935,0
2026-10-08,-181,0.00039318611619854841,0.00041059395276060278,0.00040189003447957557,18219819.722959366,0,0,0
2026-10-08,-178,0.00044775588047103087,0.00046757972690360044,0.00045766780368731563,29446280.066735052,0,1357118.7414575301,0
2026-10-08,-177,0.00046757972690360044,0.00048828125,0.00047793048845180022,19497387.533010557,0,885536.90134617733,0
2026-10-08,-176,0.00048828125,0.00050989930782588562,0.00049909027891294287,45088297.183415167,0,425869.96979873994,0
2026-10-08,-175,0.00050989930782588562,0.00053247447884045786,0.00052118689333317174,20811266.451140288,0,487025.6209279446,0
2026-10-08,-174,0.00053247447884045786,0.0005560491380647908,0.00054426180845262438,9329888.1076835692,0,0,0
2026-10-08,-173,0.0005560491380647908,0.00058066753662242238,0.00056835833734360654,11941418.411506288,0,199032.36415863258,0
2026-10-08,-171,0.00060637588480150586,0.0006332224387944383,0.00061979916179797203,12424241.147463137,0,0,0
2026-10-08,-170,0.0006332224387944383,0.00066125759127777961,0.00064724001503610896,74646993.523477092,0,422809.61006683059,0
2026-10-08,-168,0.00069053396600248786,0.00072110651657202117,0.00070582024128725451,7687814.2692275541,0,574502.19182898721,0
2026-10-08,-167,0.00072110651657202117,0.00075303262959372107,0.00073706957308287112,38602305.530156478,0,73933.182440284771,0
2026-10-08,-165,0.00078637223239709682,0.00082118790552120557,0.00080378006895915114,39141252.047217257,0,234049.63672858538,0
2026-10-08,-164,0.00082118790552120557,0.00085754500018227512,0.00083936645285174029,50914831.666864812,0,75706.897553095579,0
2026-10-08,-163,0.00085754500018227512,0.00089551176094206173,0.00087652838056216848,8125403.5236630458,0,0,0
2026-10-08,-162,0.00089551176094206173,0.00093515945380720088,0.00091533560737463125,40135470.996210337,0,1443150.4875307623,0
2026-10-08,-161,0.00093515945380720088,0.0009765625,0.00095586097690360044,72305988.641940936,0,445491.19512914302,0
2026-10-08,-158,0.0010649489576809157,0.0011120982761295816,0.0010885236169052488,8674794.5880612321,0,134188.06382857999,0
2026-10-08,-155,0.0012127517696030117,0.0012664448775888766,0.0012395983235959441,11233388.554097764,0,0,0
2026-10-08,-154,0.0012664448775888766,0.0013225151825555592,0.0012944800300722179,25693901.987545751,0,363021.1522716037,0
2026-10-08,-151,0.0014422130331440423,0.0015060652591874421,0.0014741391461657422,21094480.978745028,0,71168.30771293056,0
2026-10-08,-145,0.0018703189076144018,0.001953125,0.0019117219538072009,16690009.371813972,0,234.53889586758612,0
2026-10-08,-129,0.0037406378152288035,0.00390625,0.0038234439076144018,10764555.684759598,0,1657863.4958885305,0
2026-10-08,-126,0.0042597958307236629,0.0044483931045183264,0.0043540944676209951,39934280.492389292,0,238065.29624330791,0
2026-10-09,-203,0.00015159397120037647,0.00015830560969860958,0.00015494979044949301,11722319.721486676,0,72829.953910555967,0
2026-10-09,-198,0.00018825815739843027,0.0001965930580992742,0.00019242560774885225,1236197.2387911135,0,0,0
2026-10-09,-195,0.00021438625004556878,0.00022387794023551543,0.00021913209514054212,34552617.953841291,0,73892194.725200906,0
2026-10-09,-191,0.00025494965391294281,0.00026623723942022893,0.00026059344666658587,28253362.787353218,0,513247.7074850435,0
2026-10-09,-189,0.0002780245690323954,0.00029033376831121119,0.00028417916867180327,75686413.674796492,0,75198082.861137986,0
2026-10-09,-188,0.00029033376831121119,0.00030318794240075293,0.00029676085535598209,52694958.756261505,0,2536513.8991511804,0
2026-10-09,-181,0.00039318611619854841,0.00041059395276060278,0.00040189003447957557,18219819.722959366,0,0,0
2026-10-09,-178,0.00044775588047103087,0.00046757972690360044,0.00045766780368731563,24488819.891766001,0,1047158.1593506201,0
2026-10-09,-177,0.00046757972690360044,0.00048828125,0.00047793048845180022,19495279.923906229,0,885536.90134617733,0
2026-10-09,-176,0.00048828125,0.00050989930782588562,0.00049909027891294287,43556987.817420632,0,414659.14240387361,0
2026-10-09,-175,0.00050989930782588562,0.00053247447884045786,0.00052118689333317174,20762054.724815194,0,487025.6209279446,0
2026-10-09,-174,0.00053247447884045786,0.0005560491380647908,0.00054426180845262438,9163502.196444355,0,0,0
2026-10-09,-173,0.0005560491380647908,0.00058066753662242238,0.00056835833734360654,10304981.225623168,0,198809.82268213524,0
2026-10-09,-171,0.00060637588480150586,0.0006332224387944383,0.00061979916179797203,12279585.762876824,0,0,0
2026-10-09,-170,0.0006332224387944383,0.00066125759127777961,0.00064724001503610896,68818829.533224419,0,422809.61006683059,0
2026-10-09,-168,0.00069053396600248786,0.00072110651657202117,0.00070582024128725451,7686240.0624575019,0,574502.19182898721,0
2026-10-09,-167,0.00072110651657202117,0.00075303262959372107,0.00073706957308287112,38602305.530156478,0,73933.182440284771,0
2026-10-09,-165,0.00078637223239709682,0.00082118790552120557,0.00080378006895915114,37714726.756915025,0,234049.63672858538,0
2026-10-09,-164,0.00082118790552120557,0.00085754500018227512,0.00083936645285174029,50837445.664376251,0,75706.897553095579,0
2026-10-09,-163,0.00085754500018227512,0.00089551176094206173,0.00087652838056216848,8124620.925123346,0,0,0
2026-10-09,-162,0.00089551176094206173,0.00093515945380720088,0.00091533560737463125,39632527.8345645,0,1443150.4875307623,0
2026-10-09,-161,0.00093515945380720088,0.0009765625,0.00095586097690360044,72145547.235818267,0,335596.01512914302,0
2026-10-09,-158,0.0010649489576809157,0.0011120982761295816,0.0010885236169052488,8674794.5880612321,0,134188.06382857999,0
2026-10-09,-155,0.0012127517696030117,0.0012664448775888766,0.0012395983235959441,10821968.358682519,0,0,0
2026-10-09,-154,0.0012664448775888766,0.0013225151825555592,0.0012944800300722179,25269680.616925631,0,363021.1522716037,0
2026-10-09,-151,0.0014422130331440423,0.0015060652591874421,0.0014741391461657422,21094091.519851334,0,71168.30771293056,0
2026-10-09,-145,0.0018703189076144018,0.001953125,0.0019117219538072009,16575998.193193777,0,234.53889586758612,0
2026-10-09,-129,0.0037406378152288035,0.00390625,0.0038234439076144018,10764555.684759598,0,1657863.4958885305,0
2026-10-09,-126,0.0042597958307236629,0.0044483931045183264,0.0043540944676209951,39482730.241977565,0,238065.29624330791,0
