day,price,price_age_days,tracked_tokens,input_net_tokens,conservation_error,roundoff_adjustment,quarantined_wallets,flags_missing,unpriced_tokens,priced_tokens
2025-10-23,0.55165460200000005,0,220214922.72812599,220214922.72812599,0,0,110,False,0,220214922.72812599
2025-10-24,0.54955984400000002,0,232961650.475389,232961650.475389,0,6.7861103257336078e-10,110,False,0,232961650.475389
2025-10-25,0.53221040900000005,0,241783048.85780999,241783048.85780999,0,1.2202959986036881e-09,110,False,0,241783048.85780999
2025-10-26,0.53825709200000005,0,243924391.69496301,243924391.69496298,2.9802322387695312e-08,1.4216521408500178e-09,110,False,0,243924391.69496301
2025-10-27,0.44021650400000001,0,245827574.508246,245827574.50824597,2.9802322387695312e-08,1.9127213241868446e-09,110,False,0,245827574.508246
2025-10-28,0.47786514499999999,0,254091143.68198201,254091143.68198198,2.9802322387695312e-08,2.3246746815810467e-09,110,False,0,254091143.68198201
2025-10-29,0.46310236100000002,0,256308385.82012299,256308385.82012299,0,2.5069030699167756e-09,110,False,0,256308385.82012299
2025-10-30,0.47434733699999998,0,257835009.71310702,257835009.71310699,2.9802322387695312e-08,2.6577444152397119e-09,110,False,0,257835009.71310702
2025-10-31,0.44426436200000002,0,258502499.94095498,258502499.94095498,0,2.8717090962820009e-09,110,False,0,258502499.94095498
2025-11-01,0.44063603099999998,0,259961121.48726299,259961121.48726299,0,2.9911616819155525e-09,110,False,0,259961121.48726299
2025-11-02,0.40410823200000001,0,260697170.39109701,260697170.39109701,0,3.0377776150750282e-09,110,False,0,260697170.39109701
2025-11-03,0.35868414700000001,0,261550641.70564499,261550641.70564499,0,3.1857474679966039e-09,110,False,0,261550641.70564499
2025-11-04,0.35261530699999999,0,262095515.73034599,262095515.73034599,0,3.3723849283015518e-09,110,False,0,262095515.73034599
2025-11-05,0.366275605,0,263436560.21486402,263436560.21486399,2.9802322387695312e-08,3.4861673935221428e-09,110,False,0,263436560.21486402
2025-11-06,0.35272066099999999,0,265713341.42353201,265713341.42353198,2.9802322387695312e-08,3.7450157359174575e-09,110,False,0,265713341.42353201
2025-11-07,0.38210486199999999,0,266346173.48388502,266346173.48388499,2.9802322387695312e-08,3.8005035677218137e-09,110,False,0,266346173.48388502
2025-11-08,0.36439556299999998,0,266036489.012826,266036489.012826,0,3.8299329641416249e-09,110,False,0,266036489.012826
2025-11-09,0.35229226299999999,0,266013151.94402,266013151.94402,0,3.8463334007059926e-09,110,False,0,266013151.94402
2025-11-10,0.39105386600000003,0,266884902.699613,266884902.699613,0,3.8906757865762127e-09,110,False,0,266884902.699613
2025-11-11,0.43221953800000001,0,267480544.63870102,267480544.63870099,2.9802322387695312e-08,4.5152226857028921e-09,110,False,0,267480544.63870102
2025-11-12,0.46253709599999998,0,267749246.72541001,267749246.72540998,2.9802322387695312e-08,4.8539825518901261e-09,110,False,0,267749246.72541001
2025-11-13,0.421279927,0,268675976.19735599,268675976.19735599,0,5.2092589280320478e-09,110,False,0,268675976.19735599
2025-11-14,0.45990451500000001,0,274039937.88540602,274039937.88540596,5.9604644775390625e-08,5.3944217440527664e-09,110,False,0,274039937.88540602
2025-11-15,0.43042003299999998,0,273700353.68506199,273700353.68506193,5.9604644775390625e-08,5.5490606487106364e-09,110,False,0,273700353.68506199
2025-11-16,0.43404360199999997,0,275226820.69012201,275226820.69012195,5.9604644775390625e-08,5.5873178738081294e-09,110,False,0,275226820.69012201
2025-11-17,0.40324244799999998,0,274912349.45315301,274912349.45315295,5.9604644775390625e-08,5.6319072182183591e-09,110,False,0,274912349.45315301
2025-11-18,0.41995197000000001,0,273150725.52412701,273150725.52412695,5.9604644775390625e-08,5.7240926268447689e-09,110,False,0,273150725.52412701
2025-11-19,0.37204209700000002,0,272726253.64959401,272726253.64959395,5.9604644775390625e-08,5.8125690231930049e-09,110,False,0,272726253.64959401
2025-11-20,0.33002832700000001,0,271871778.05807501,271871778.05807495,5.9604644775390625e-08,5.9597687470453539e-09,110,False,0,271871778.05807501
2025-11-21,0.31942039100000003,0,271256669.71767801,271256669.71767795,5.9604644775390625e-08,6.063595793940294e-09,110,False,0,271256669.71767801
2025-11-22,0.296818005,0,270607644.610039,270607644.61003894,5.9604644775390625e-08,6.0822320062078604e-09,110,False,0,270607644.610039
2025-11-23,0.28400555500000002,0,270772103.66435498,270772103.66435492,5.9604644775390625e-08,1.2827746020008578e-08,110,False,0,270772103.66435498
2025-11-24,0.30842374099999997,0,272794005.57824498,272794005.57824492,5.9604644775390625e-08,1.2907117832744347e-08,110,False,0,272794005.57824498
2025-11-25,0.34588542500000002,0,280869802.16966403,280869802.16966391,1.1920928955078125e-07,1.3082173014371982e-08,110,False,0,280869802.16966403
2025-11-26,0.33672605900000002,0,280676188.951783,280676188.95178288,1.1920928955078125e-07,1.3349975794540687e-08,110,False,0,280676188.951783
2025-11-27,0.34951605600000002,0,286531829.91080099,286531829.91080087,1.1920928955078125e-07,1.3769932402498584e-08,110,False,0,286531829.91080099
2025-11-28,0.32461637999999998,0,286233681.13401198,286233681.13401186,1.1920928955078125e-07,1.3969153254119635e-08,110,False,0,286233681.13401198
2025-11-29,0.33379421300000001,0,286634489.58254898,286634489.58254886,1.1920928955078125e-07,1.4253882638286983e-08,110,False,0,286634489.58254898
2025-11-30,0.32601926799999997,0,286722250.36029202,286722250.36029184,1.7881393432617188e-07,1.4290005044161832e-08,110,False,0,286722250.36029202
2025-12-01,0.29862977800000001,0,286457499.54556501,286457499.54556483,1.7881393432617188e-07,1.4430850875362087e-08,110,False,0,286457499.54556501
2025-12-02,0.32310467500000001,0,286733159.04874402,286733159.04874384,1.7881393432617188e-07,1.4506278058727905e-08,110,False,0,286733159.04874402
2025-12-03,0.32615346899999997,0,286883336.332739,286883336.33273882,1.7881393432617188e-07,1.458668735487115e-08,110,False,0,286883336.332739
2025-12-04,0.33617186999999998,0,284449564.35358703,284449564.35358679,2.384185791015625e-07,1.4603742324198956e-08,110,False,0,284449564.35358703
2025-12-05,0.32283362700000001,0,284269584.87748301,284269584.87748277,2.384185791015625e-07,1.4624750612403583e-08,110,False,0,284269584.87748301
2025-12-06,0.32615475500000002,0,284504124.64565498,284504124.6456548,1.7881393432617188e-07,1.4663993347780484e-08,110,False,0,284504124.64565498
2025-12-07,0.32449595199999998,0,284498985.34875,284498985.34874982,1.7881393432617188e-07,1.4668496174892936e-08,110,False,0,284498985.34875
2025-12-08,0.32339449599999998,0,284485532.06826699,284485532.06826681,1.7881393432617188e-07,1.4727369994907442e-08,110,False,0,284485532.06826699
2025-12-09,0.320988471,0,284463669.089692,284463669.08969182,1.7881393432617188e-07,1.4832469116153619e-08,110,False,0,284463669.089692
2025-12-10,0.29074446300000001,0,284011970.71796501,284011970.71796483,1.7881393432617188e-07,1.4916183638783334e-08,110,False,0,284011970.71796501
2025-12-11,0.265971817,0,283498613.15305001,283498613.15304983,1.7881393432617188e-07,1.519608521259888e-08,110,False,0,283498613.15305001
2025-12-12,0.25897791100000001,0,283506170.81869799,283506170.81869781,1.7881393432617188e-07,1.5507370918144275e-08,110,False,0,283506170.81869799
2025-12-13,0.25917250200000003,0,283518451.44217598,283518451.44217581,1.7881393432617188e-07,1.5594298307857694e-08,110,False,0,283518451.44217598
2025-12-14,0.23907149899999999,0,283257096.18041104,283257096.1804108,2.384185791015625e-07,1.5611993306102138e-08,110,False,0,283257096.18041104
2025-12-15,0.24141412600000001,0,283359945.22735602,283359945.22735578,2.384185791015625e-07,1.5704088470929693e-08,110,False,0,283359945.22735602
2025-12-16,0.245653925,0,283582008.08263201,283582008.08263177,2.384185791015625e-07,1.577144061843069e-08,110,False,0,283582008.08263201
2025-12-17,0.22182967000000001,0,283220250.03713,283220250.03712976,2.384185791015625e-07,1.5787390962151203e-08,110,False,0,283220250.03713
2025-12-18,0.20795399000000001,0,283108840.12399501,283108840.12399477,2.384185791015625e-07,1.6179911727758874e-08,110,False,0,283108840.12399501
2025-12-19,0.219698686,0,283474084.74812698,283474084.74812675,2.384185791015625e-07,1.6288490011020028e-08,110,False,0,283474084.74812698
2025-12-20,0.233974354,0,283744394.70141304,283744394.70141274,2.9802322387695312e-07,1.6290328004752934e-08,110,False,0,283744394.70141304
2025-12-21,0.241927805,0,283879859.24996501,283879859.24996471,2.9802322387695312e-07,1.6376295524314293e-08,110,False,0,283879859.24996501
2025-12-22,0.24578550900000001,0,284186109.11855,284186109.1185497,2.9802322387695312e-07,1.6390931924407917e-08,110,False,0,284186109.11855
2025-12-23,0.239839725,0,284839447.46341503,284839447.46341473,2.9802322387695312e-07,1.6430981953578264e-08,110,False,0,284839447.46341503
2025-12-24,0.24326266299999999,0,285155451.01783103,285155451.01783073,2.9802322387695312e-07,1.6434652924642218e-08,110,False,0,285155451.01783103
2025-12-25,0.240550287,0,292502838.24836802,292502838.24836773,2.9802322387695312e-07,1.6504605050065839e-08,110,False,0,292502838.24836802
2025-12-26,0.25057003500000002,0,292632838.86763704,292632838.86763674,2.9802322387695312e-07,1.6512794570308346e-08,110,False,0,292632838.86763704
2025-12-27,0.25610266100000001,0,292699127.72628003,292699127.72627974,2.9802322387695312e-07,1.6520476276287666e-08,110,False,0,292699127.72628003
2025-12-28,0.25610329999999998,0,292731007.484285,292731007.48428476,2.384185791015625e-07,1.6525812234091748e-08,110,False,0,292731007.484285
2025-12-29,0.25392954899999998,0,292822192.16891998,292822192.16891974,2.384185791015625e-07,1.6531410554510102e-08,110,False,0,292822192.16891998
2025-12-30,0.25559889899999999,0,292875949.44549602,292875949.44549572,2.9802322387695312e-07,1.6561539795625997e-08,110,False,0,292875949.44549602
2025-12-31,0.25184611600000001,0,292866801.25669801,292866801.25669771,2.9802322387695312e-07,1.6639393603153571e-08,110,False,0,292866801.25669801
2026-01-01,0.26358667099999999,0,293404884.63459599,293404884.63459569,2.9802322387695312e-07,1.6659496633505063e-08,110,False,0,293404884.63459599
2026-01-02,0.282456229,0,293908325.28798503,293908325.28798467,3.5762786865234375e-07,1.6671591938080682e-08,110,False,0,293908325.28798503
2026-01-03,0.284306848,0,293951219.983132,293951219.98313165,3.5762786865234375e-07,1.6679218177998028e-08,110,False,0,293951219.983132
2026-01-04,0.27865319300000002,0,293896069.93874699,293896069.93874663,3.5762786865234375e-07,1.6682089317955756e-08,110,False,0,293896069.93874699
2026-01-05,0.29183366500000002,0,294192748.44181502,294192748.44181466,3.5762786865234375e-07,1.6774642890953844e-08,110,False,0,294192748.44181502
2026-01-06,0.28511408399999999,0,294200896.41054404,294200896.41054368,3.5762786865234375e-07,1.6837369026139353e-08,110,False,0,294200896.41054404
2026-01-07,0.27042991900000002,0,294029726.812262,294029726.8122617,2.9802322387695312e-07,1.6858092133853037e-08,110,False,0,294029726.812262
2026-01-08,0.27295754,0,294065788.773642,294065788.77364171,2.9802322387695312e-07,1.6873518898596152e-08,110,False,0,294065788.773642
2026-01-09,0.26460514800000001,0,294301342.35405701,294301342.35405672,2.9802322387695312e-07,1.6885639057639213e-08,110,False,0,294301342.35405701
2026-01-10,0.24969086400000001,0,294151212.69581902,294151212.69581872,2.9802322387695312e-07,1.6906415096297775e-08,110,False,0,294151212.69581902
2026-01-11,0.27519070600000001,0,294362271.25964004,294362271.25963974,2.9802322387695312e-07,1.6915035614659422e-08,110,False,0,294362271.25964004
2026-01-12,0.25520837699999999,0,294415593.877819,294415593.87781876,2.384185791015625e-07,1.6966417885927058e-08,110,False,0,294415593.877819
2026-01-13,0.270982732,0,294677746.77185601,294677746.77185577,2.384185791015625e-07,1.6970647419317245e-08,110,False,0,294677746.77185601
2026-01-14,0.26685909899999999,0,294681381.50734401,294681381.50734377,2.384185791015625e-07,1.7347586951855668e-08,110,False,0,294681381.50734401
2026-01-15,0.25100662899999998,0,295329216.814924,295329216.81492376,2.384185791015625e-07,1.7366542282807366e-08,110,False,0,295329216.814924
2026-01-16,0.31477207000000001,0,297362466.778611,297362466.77861077,2.384185791015625e-07,1.7640089533568602e-08,110,False,0,297362466.778611
2026-01-17,0.28616341499999998,0,296704120.41368902,296704120.41368878,2.384185791015625e-07,1.794018162363503e-08,110,False,0,296704120.41368902
2026-01-18,0.30627873100000003,0,297077506.80575103,297077506.80575079,2.384185791015625e-07,1.7978981066460285e-08,110,False,0,297077506.80575103
2026-01-19,0.28519555299999999,0,296975725.38872403,296975725.38872379,2.384185791015625e-07,1.8296630944303831e-08,110,False,0,296975725.38872403
2026-01-20,0.254848625,0,296375790.797126,296375790.79712582,1.7881393432617188e-07,1.8311680023474158e-08,110,False,0,296375790.797126
2026-01-21,0.28307914099999998,0,296994331.80858999,296994331.80858982,1.7881393432617188e-07,1.8317195847382888e-08,110,False,0,296994331.80858999
2026-01-22,0.26865581399999999,0,297014758.42148304,297014758.4214828,2.384185791015625e-07,1.888903910068817e-08,110,False,0,297014758.42148304
2026-01-23,0.27030245000000003,0,297305783.65125602,297305783.65125579,2.384185791015625e-07,1.8896639676660027e-08,110,False,0,297305783.65125602
2026-01-24,0.26888493699999999,0,297197168.81408304,297197168.8140828,2.384185791015625e-07,1.8947162577361502e-08,110,False,0,297197168.81408304
2026-01-25,0.243238657,0,296720158.75014001,296720158.75013977,2.384185791015625e-07,1.8981663824069698e-08,110,False,0,296720158.75014001
2026-01-26,0.23835089800000001,0,303833359.71493703,303833359.71493679,2.384185791015625e-07,1.9013935250594687e-08,110,False,0,303833359.71493703
2026-01-27,0.27069555000000001,0,304539435.02968699,304539435.02968681,1.7881393432617188e-07,1.9017259295593089e-08,110,False,0,304539435.02968699
2026-01-28,0.26819996499999998,0,304455104.12837303,304455104.12837279,2.384185791015625e-07,1.9072915441951362e-08,110,False,0,304455104.12837303
2026-01-29,0.26270943600000002,0,306091880.58160603,306091880.58160579,2.384185791015625e-07,1.9078533029065838e-08,110,False,0,306091880.58160603
2026-01-30,0.25303439,0,306073206.24428999,306073206.24428982,1.7881393432617188e-07,1.9096118562052582e-08,110,False,0,306073206.24428999
2026-01-31,0.23297705799999999,0,305936957.00783104,305936957.0078308,2.384185791015625e-07,1.9101175255153938e-08,110,False,0,305936957.00783104
2026-02-01,0.228927345,0,305933164.29016304,305933164.2901628,2.384185791015625e-07,1.9178896712895813e-08,110,False,0,305933164.29016304
2026-02-02,0.24008030899999999,0,305915864.25964999,305915864.25964981,1.7881393432617188e-07,1.918561747179056e-08,110,False,0,305915864.25964999
2026-02-03,0.234925949,0,305912302.44850504,305912302.44850481,2.384185791015625e-07,1.9201294366699617e-08,110,False,0,305912302.44850504
2026-02-04,0.22785439199999999,0,306220420.058007,306220420.05800682,1.7881393432617188e-07,1.9710744390674897e-08,110,False,0,306220420.058007
2026-02-05,0.19761970500000001,0,304986190.377994,304986190.37799382,1.7881393432617188e-07,1.9797526541584744e-08,110,False,0,304986190.377994
2026-02-06,0.21679401700000001,0,305271264.51849002,305271264.51848984,1.7881393432617188e-07,1.9834533939672959e-08,110,False,0,305271264.51849002
2026-02-07,0.21918711900000001,0,288655777.02253801,288655777.02253783,1.7881393432617188e-07,1.9843075954790661e-08,110,False,0,288655777.02253801
2026-02-08,0.21227890099999999,0,304897755.339531,304897755.33953083,1.7881393432617188e-07,1.9856841503387494e-08,110,False,0,304897755.339531
2026-02-09,0.21307021000000001,0,304397969.25710201,304397969.25710183,1.7881393432617188e-07,1.9880672727128438e-08,110,False,0,304397969.25710201
2026-02-10,0.20984540700000001,0,304334125.46701503,304334125.46701485,1.7881393432617188e-07,1.9886328906464983e-08,110,False,0,304334125.46701503
2026-02-11,0.209562214,0,305244290.53347903,305244290.53347886,1.7881393432617188e-07,1.9887817271451796e-08,110,False,0,305244290.53347903
2026-02-12,0.211148629,0,304839778.88903803,304839778.88903785,1.7881393432617188e-07,1.9894692887396848e-08,110,False,0,304839778.88903803
2026-02-13,0.22234569400000001,0,305506538.49443603,305506538.49443585,1.7881393432617188e-07,1.989615473193116e-08,110,False,0,305506538.49443603
2026-02-14,0.22859623000000001,0,305532937.631486,305532937.63148582,1.7881393432617188e-07,1.994582028138201e-08,110,False,0,305532937.631486
2026-02-15,0.21690864500000001,0,305220916.301898,305220916.30189782,1.7881393432617188e-07,1.9974109298630587e-08,110,False,0,305220916.301898
2026-02-16,0.22217877,0,305411660.38132,305411660.38131982,1.7881393432617188e-07,1.9987990750174382e-08,110,False,0,305411660.38132
2026-02-17,0.225839438,0,305354787.84717602,305354787.84717584,1.7881393432617188e-07,2.0047433328148428e-08,110,False,0,305354787.84717602
2026-02-18,0.20798433599999999,0,304888754.75566602,304888754.75566584,1.7881393432617188e-07,2.0140529555923797e-08,110,False,0,304888754.75566602
2026-02-19,0.23300280500000001,0,305069568.73732799,305069568.73732781,1.7881393432617188e-07,2.0141387261757238e-08,110,False,0,305069568.73732799
2026-02-20,0.213636614,0,305127954.254628,305127954.25462782,1.7881393432617188e-07,2.0146931427578119e-08,110,False,0,305127954.254628
2026-02-21,0.21015042,0,305127742.91488504,305127742.91488481,2.384185791015625e-07,2.0165812020522235e-08,110,False,0,305127742.91488504
2026-02-22,0.19187874299999999,0,304776638.29734904,304776638.2973488,2.384185791015625e-07,2.0182407814449769e-08,110,False,0,304776638.29734904
2026-02-23,0.18433033099999999,0,304598653.19852,304598653.19851983,1.7881393432617188e-07,2.0203946354281644e-08,110,False,0,304598653.19852
2026-02-24,0.18074409699999999,0,304625633.17781299,304625633.17781281,1.7881393432617188e-07,2.0257059391253647e-08,110,False,0,304625633.17781299
2026-02-25,0.186000738,0,311891421.37693703,311891421.37693679,2.384185791015625e-07,2.0402983338658349e-08,110,False,0,311891421.37693703
2026-02-26,0.185735496,0,311955639.259969,311955639.25996882,1.7881393432617188e-07,2.0470549043715639e-08,110,False,0,311955639.259969
2026-02-27,0.18256655099999999,0,311956589.37576705,311956589.37576681,2.384185791015625e-07,2.0480951097933623e-08,110,False,0,311956589.37576705
2026-02-28,0.183881252,0,311933802.30261403,311933802.30261379,2.384185791015625e-07,2.051389279685265e-08,110,False,0,311933802.30261403
2026-03-01,0.17898267900000001,0,311791443.78763604,311791443.7876358,2.384185791015625e-07,2.0514225158811785e-08,110,False,0,311791443.78763604
2026-03-02,0.17781061200000001,0,311746520.53799903,311746520.5379988,2.384185791015625e-07,2.051780269291408e-08,110,False,0,311746520.53799903
2026-03-03,0.17298058399999999,0,311548205.31379402,311548205.31379378,2.384185791015625e-07,2.0544062111152337e-08,110,False,0,311548205.31379402
2026-03-04,0.177292173,0,313078435.07156199,313078435.07156175,2.384185791015625e-07,2.0621588189116012e-08,110,False,0,313078435.07156199
2026-03-05,0.17236043700000001,0,313181679.61718404,313181679.61718374,2.9802322387695312e-07,2.0654821438601688e-08,110,False,0,313181679.61718404
2026-03-06,0.17084732599999999,0,314145914.377922,314145914.37792176,2.384185791015625e-07,2.0655633677766504e-08,110,False,0,314145914.377922
2026-03-07,0.16056339,0,313852095.01633102,313852095.01633078,2.384185791015625e-07,2.0666406726885954e-08,110,False,0,313852095.01633102
2026-03-08,0.15559398999999999,0,313704064.53306901,313704064.53306878,2.384185791015625e-07,2.0826640631625212e-08,110,False,0,313704064.53306901
2026-03-09,0.158579785,0,313782806.293634,313782806.29363376,2.384185791015625e-07,2.0845560618730005e-08,110,False,0,313782806.293634
2026-03-10,0.15893136599999999,0,313778712.72102302,313778712.72102278,2.384185791015625e-07,2.0851462200036983e-08,110,False,0,313778712.72102302
2026-03-11,0.162117387,0,313882871.72015303,313882871.7201528,2.384185791015625e-07,2.085201260013859e-08,110,False,0,313882871.72015303
2026-03-12,0.16080086299999999,0,313996266.972013,313996266.97201282,1.7881393432617188e-07,2.0852833835498037e-08,110,False,0,313996266.972013
2026-03-13,0.16976148999999999,0,314212709.66682303,314212709.66682279,2.384185791015625e-07,2.085520552561752e-08,110,False,0,314212709.66682303
2026-03-14,0.16472695100000001,0,314176308.46822202,314176308.46822178,2.384185791015625e-07,2.085607971522711e-08,110,False,0,314176308.46822202
2026-03-15,0.16272319399999999,0,314063529.13545299,314063529.13545281,1.7881393432617188e-07,2.0856862200414866e-08,110,False,0,314063529.13545299
2026-03-16,0.17165635900000001,0,314351302.61358702,314351302.61358678,2.384185791015625e-07,2.1167183184601906e-08,110,False,0,314351302.61358702
2026-03-17,0.16557538999999999,0,314209235.10140902,314209235.10140878,2.384185791015625e-07,2.1229107872201819e-08,110,False,0,314209235.10140902
2026-03-18,0.15576537400000001,0,313781214.63201404,313781214.6320138,2.384185791015625e-07,2.1233875156400041e-08,110,False,0,313781214.63201404
2026-03-19,0.15485216399999999,0,313885868.70353699,313885868.70353681,1.7881393432617188e-07,2.1246195301311083e-08,110,False,0,313885868.70353699
2026-03-20,0.152657921,0,313849185.88111299,313849185.88111281,1.7881393432617188e-07,2.2210573592795266e-08,110,False,0,313849185.88111299
2026-03-21,0.14785610699999999,0,313788040.70575398,313788040.7057538,1.7881393432617188e-07,2.2217659924316843e-08,110,False,0,313788040.70575398
2026-03-22,0.14319297,0,313449241.32718104,313449241.3271808,2.384185791015625e-07,2.2352071020285466e-08,110,False,0,313449241.32718104
2026-03-23,0.14131184999999999,0,313305647.58752704,313305647.5875268,2.384185791015625e-07,2.2361628142740006e-08,110,False,0,313305647.58752704
2026-03-24,0.13688634099999999,0,313270936.435022,313270936.43502182,1.7881393432617188e-07,2.2372170381334277e-08,110,False,0,313270936.435022
2026-03-25,0.143761421,0,313419612.90527999,313419612.90527982,1.7881393432617188e-07,2.2390728035011919e-08,110,False,0,313419612.90527999
2026-03-26,0.13669081499999999,0,320549988.02029002,320549988.02028984,1.7881393432617188e-07,2.2395707072965304e-08,110,False,0,320549988.02029002
2026-03-27,0.15052618800000001,0,321293893.78191602,321293893.78191584,1.7881393432617188e-07,2.2397146810183638e-08,110,False,0,321293893.78191602
2026-03-28,0.14128481100000001,0,320560047.00561702,320560047.00561684,1.7881393432617188e-07,2.2404932632802313e-08,110,False,0,320560047.00561702
2026-03-29,0.13176391500000001,0,320060403.31215799,320060403.31215787,1.1920928955078125e-07,2.2406347250228604e-08,110,False,0,320060403.31215799
2026-03-30,0.135520697,0,320283704.83843499,320283704.83843488,1.1920928955078125e-07,2.2411175828239802e-08,110,False,0,320283704.83843499
2026-03-31,0.13403372999999999,0,320119383.02035701,320119383.02035689,1.1920928955078125e-07,2.2411918956075545e-08,110,False,0,320119383.02035701
2026-04-01,0.13482017800000001,0,320116934.35722804,320116934.35722792,1.1920928955078125e-07,2.2417191128531095e-08,110,False,0,320116934.35722804
2026-04-02,0.12995442900000001,0,319749847.49476701,319749847.49476695,5.9604644775390625e-08,2.2420875608335684e-08,110,False,0,319749847.49476701
2026-04-03,0.128361805,0,319796853.17851001,319796853.17850995,5.9604644775390625e-08,2.2427849807331774e-08,110,False,0,319796853.17851001
2026-04-04,0.12725892799999999,0,319756323.145944,319756323.14594394,5.9604644775390625e-08,2.2427928651164279e-08,110,False,0,319756323.145944
2026-04-05,0.129137796,0,319719907.355528,319719907.35552794,5.9604644775390625e-08,2.2444589050304286e-08,110,False,0,319719907.355528
2026-04-06,0.134784609,0,320423847.27324104,320423847.27324092,1.1920928955078125e-07,2.2445223542383388e-08,110,False,0,320423847.27324104
2026-04-07,0.142558146,0,320753531.64120305,320753531.64120293,1.1920928955078125e-07,2.2485666767479282e-08,110,False,0,320753531.64120305
2026-04-08,0.13238729599999999,0,319789395.48023003,319789395.48022991,1.1920928955078125e-07,2.2487065032621547e-08,110,False,0,319789395.48023003
2026-04-09,0.133480497,0,320551299.49264902,320551299.4926489,1.1920928955078125e-07,2.2494890074451326e-08,110,False,0,320551299.49264902
2026-04-10,0.13644985800000001,0,320655930.87492603,320655930.87492591,1.1920928955078125e-07,2.2496560987858962e-08,110,False,0,320655930.87492603
2026-04-11,0.14255116300000001,0,320953951.97864801,320953951.97864789,1.1920928955078125e-07,2.2497669878615958e-08,110,False,0,320953951.97864801
2026-04-12,0.13175362099999999,0,320552387.48566002,320552387.4856599,1.1920928955078125e-07,2.2504255224166078e-08,110,False,0,320552387.48566002
2026-04-13,0.13971389100000001,0,320877603.79261702,320877603.7926169,1.1920928955078125e-07,2.2504733704472974e-08,110,False,0,320877603.79261702
2026-04-14,0.134417227,0,320675679.27155602,320675679.2715559,1.1920928955078125e-07,2.250548510341604e-08,110,False,0,320675679.27155602
2026-04-15,0.140965542,0,320906768.078942,320906768.07894188,1.1920928955078125e-07,2.273902312567005e-08,110,False,0,320906768.078942
2026-04-16,0.15165242800000001,0,321317460.66856802,321317460.6685679,1.1920928955078125e-07,2.2760263065761072e-08,110,False,0,321317460.66856802
2026-04-17,0.15125474,0,321430565.38928604,321430565.38928592,1.1920928955078125e-07,2.2767022790423653e-08,110,False,0,321430565.38928604
2026-04-18,0.14662233899999999,0,320788473.19793701,320788473.19793689,1.1920928955078125e-07,2.2798171202398366e-08,110,False,0,320788473.19793701
2026-04-19,0.140688114,0,321174429.56617904,321174429.56617892,1.1920928955078125e-07,2.279830576142895e-08,110,False,0,321174429.56617904
2026-04-20,0.14707793,0,321356059.82908803,321356059.82908791,1.1920928955078125e-07,2.2804352136546929e-08,110,False,0,321356059.82908803
2026-04-21,0.180230054,0,322307795.821558,322307795.82155794,5.9604644775390625e-08,2.2804524443160351e-08,110,False,0,322307795.821558
2026-04-22,0.18491433600000001,0,322959815.37139302,322959815.37139297,5.9604644775390625e-08,2.2907634710602388e-08,110,False,0,322959815.37139302
2026-04-23,0.176038953,0,322626312.48340303,322626312.48340297,5.9604644775390625e-08,2.3530059326790554e-08,110,False,0,322626312.48340303
2026-04-24,0.16337674899999999,0,321808258.17892003,321808258.17891997,5.9604644775390625e-08,2.3603584286436848e-08,110,False,0,321808258.17892003
2026-04-25,0.156534908,0,322047164.72823602,322047164.72823596,5.9604644775390625e-08,2.3603818489488223e-08,110,False,0,322047164.72823602
2026-04-26,0.16247566399999999,0,322182875.30578405,322182875.30578399,5.9604644775390625e-08,2.3639041093076355e-08,110,False,0,322182875.30578405
2026-04-27,0.15488908800000001,0,321956890.57998103,321956890.57998097,5.9604644775390625e-08,2.3758652295963082e-08,110,False,0,321956890.57998103
2026-04-28,0.15315076699999999,0,321990830.72837001,321990830.72836995,5.9604644775390625e-08,2.3818663709948002e-08,110,False,0,321990830.72837001
2026-04-29,0.15219580299999999,0,321830962.84982103,321830962.84982097,5.9604644775390625e-08,2.3824638153110417e-08,110,False,0,321830962.84982103
2026-04-30,0.15495073700000001,0,322069371.74112505,322069371.74112499,5.9604644775390625e-08,2.3825363794879312e-08,110,False,0,322069371.74112505
2026-05-01,0.15971998700000001,0,322221712.71678001,322221712.71678001,0,2.3848638621389856e-08,110,False,0,322221712.71678001
2026-05-02,0.164713103,0,322379433.67476904,322379433.67476898,5.9604644775390625e-08,2.3856883856684754e-08,110,False,0,322379433.67476904
2026-05-03,0.16247688599999999,0,322383025.57082003,322383025.57081997,5.9604644775390625e-08,2.3893546041989524e-08,110,False,0,322383025.57082003
2026-05-04,0.167805918,0,324809944.52018803,324809944.52018797,5.9604644775390625e-08,2.3899861062653036e-08,110,False,0,324809944.52018803
2026-05-05,0.16665601799999999,0,359108598.72589201,359108598.72589195,5.9604644775390625e-08,2.3916739241195326e-08,110,False,0,359108598.72589201
2026-05-06,0.16789911099999999,0,359140907.90947306,359140907.90947294,1.1920928955078125e-07,2.3932436588334499e-08,110,False,0,359140907.90947306
2026-05-07,0.173559401,0,359342153.19145405,359342153.19145393,1.1920928955078125e-07,2.3935695387055823e-08,110,False,0,359342153.19145405
2026-05-08,0.18220845499999999,0,357513596.74563801,357513596.74563795,5.9604644775390625e-08,2.3940517307696375e-08,110,False,0,357513596.74563801
2026-05-09,0.18001720399999999,0,357508210.99197805,357508210.99197793,1.1920928955078125e-07,2.3941108279412383e-08,110,False,0,357508210.99197805
2026-05-10,0.178994399,0,357439371.75087702,357439371.7508769,1.1920928955078125e-07,2.3948577651755244e-08,110,False,0,357439371.75087702
2026-05-11,0.178310686,0,357372314.45500302,357372314.4550029,1.1920928955078125e-07,2.3964980495248435e-08,110,False,0,357372314.45500302
2026-05-12,0.17082855499999999,0,357180431.40915602,357180431.40915591,1.1920928955078125e-07,2.3974084129761332e-08,110,False,0,357180431.40915602
2026-05-13,0.15359014600000001,0,356484100.64613605,356484100.64613593,1.1920928955078125e-07,2.3988778084147912e-08,110,False,0,356484100.64613605
2026-05-14,0.160321889,0,356891531.46911001,356891531.46910995,5.9604644775390625e-08,2.3989424011903639e-08,110,False,0,356891531.46911001
2026-05-15,0.15317249199999999,0,356603977.08071101,356603977.08071095,5.9604644775390625e-08,2.3996716872663372e-08,110,False,0,356603977.08071101
2026-05-16,0.14713231299999999,0,356426420.87524402,356426420.87524396,5.9604644775390625e-08,2.4256635625850466e-08,110,False,0,356426420.87524402
2026-05-17,0.143344742,0,356208772.42082906,356208772.42082894,1.1920928955078125e-07,2.4257172085615965e-08,110,False,0,356208772.42082906
2026-05-18,0.14401983300000001,0,356283504.73890102,356283504.73890096,5.9604644775390625e-08,2.4279056801877376e-08,110,False,0,356283504.73890102
2026-05-19,0.140883957,0,356230045.56468302,356230045.56468296,5.9604644775390625e-08,2.4279334191100078e-08,110,False,0,356230045.56468302
2026-05-20,0.14538975000000001,0,356347691.00990403,356347691.00990397,5.9604644775390625e-08,2.4290592740748197e-08,110,False,0,356347691.00990403
2026-05-21,0.147645057,0,356444476.34577703,356444476.34577698,5.9604644775390625e-08,2.4329020450087208e-08,110,False,0,356444476.34577703
2026-05-22,0.13632897899999999,0,356003417.068946,356003417.068946,0,2.4330353453239512e-08,110,False,0,356003417.068946
2026-05-23,0.138296368,0,356095190.21723706,356095190.217237,5.9604644775390625e-08,2.4454016533015805e-08,110,False,0,356095190.21723706
2026-05-24,0.132045578,0,355685674.99461305,355685674.99461299,5.9604644775390625e-08,2.4483250338496338e-08,110,False,0,355685674.99461305
2026-05-25,0.132051376,0,355792313.63609505,355792313.63609499,5.9604644775390625e-08,2.4489965023727783e-08,110,False,0,355792313.63609505
2026-05-26,0.13642317200000001,0,355991011.72864205,355991011.72864199,5.9604644775390625e-08,2.4489965023727783e-08,110,False,0,355991011.72864205
2026-05-27,0.13229671900000001,0,355815411.70569003,355815411.70568997,5.9604644775390625e-08,2.4490491394558386e-08,110,False,0,355815411.70569003
2026-05-28,0.12738808800000001,0,355591022.74740303,355591022.74740297,5.9604644775390625e-08,2.4522097223623415e-08,110,False,0,355591022.74740303
2026-05-29,0.12532665300000001,0,355477256.404872,355477256.40487194,5.9604644775390625e-08,2.4522715807137125e-08,110,False,0,355477256.404872
2026-05-30,0.126965841,0,355635248.75625604,355635248.75625592,1.1920928955078125e-07,2.4532038127830298e-08,110,False,0,355635248.75625604
2026-05-31,0.12873269900000001,0,355338649.84835303,355338649.84835291,1.1920928955078125e-07,2.4535593506044358e-08,110,False,0,355338649.84835303
2026-06-01,0.132066405,0,355527494.03436404,355527494.03436393,1.1920928955078125e-07,2.4550823684274044e-08,110,False,0,355527494.03436404
2026-06-02,0.13003368900000001,0,355538407.22454602,355538407.2245459,1.1920928955078125e-07,2.4554123407724251e-08,110,False,0,355538407.22454602
2026-06-03,0.132680247,0,360481440.69643605,360481440.69643587,1.7881393432617188e-07,2.4566323426497252e-08,110,False,0,360481440.69643605
2026-06-04,0.120943101,0,359955066.51350504,359955066.51350486,1.7881393432617188e-07,2.4567863645838209e-08,110,False,0,359955066.51350504
2026-06-05,0.10397255499999999,0,358913324.29957604,358913324.29957587,1.7881393432617188e-07,2.4739239400618725e-08,110,False,0,358913324.29957604
2026-06-06,0.098258734,0,358003296.05673105,358003296.05673087,1.7881393432617188e-07,2.4740491537901473e-08,110,False,0,358003296.05673105
2026-06-07,0.099343355999999994,0,358612442.18437701,358612442.1843769,1.1920928955078125e-07,2.4741393038997469e-08,110,False,0,358612442.18437701
2026-06-08,0.101811999,0,359062477.93681502,359062477.9368149,1.1920928955078125e-07,2.4752921830807569e-08,110,False,0,359062477.93681502
2026-06-09,0.10118055500000001,0,358993530.23026001,358993530.2302599,1.1920928955078125e-07,2.4753477830498302e-08,110,False,0,358993530.23026001
2026-06-10,0.097506534000000006,0,358832041.00694603,358832041.00694591,1.1920928955078125e-07,2.7083740035917177e-08,110,False,0,358832041.00694603
2026-06-11,0.10398574300000001,0,359278501.41501105,359278501.41501093,1.1920928955078125e-07,2.7134688779405166e-08,110,False,0,359278501.41501105
2026-06-12,0.103523434,0,359250981.40918702,359250981.4091869,1.1920928955078125e-07,2.7135751186511899e-08,110,False,0,359250981.40918702
2026-06-13,0.105136014,0,359343446.08184803,359343446.08184791,1.1920928955078125e-07,2.7136349034671766e-08,110,False,0,359343446.08184803
2026-06-14,0.109317896,0,359481042.04476506,359481042.04476494,1.1920928955078125e-07,2.7161051968814461e-08,110,False,0,359481042.04476506
2026-06-15,0.118351469,0,360067173.00665301,360067173.00665295,5.9604644775390625e-08,2.71662249419754e-08,110,False,0,360067173.00665301
2026-06-16,0.114090488,0,359676792.19826001,359676792.19825995,5.9604644775390625e-08,2.7168255664809552e-08,110,False,0,359676792.19826001
2026-06-17,0.112394103,0,359699050.69609004,359699050.69608992,1.1920928955078125e-07,2.7168686431343107e-08,110,False,0,359699050.69609004
2026-06-18,0.10679683399999999,0,359485498.43398404,359485498.43398392,1.1920928955078125e-07,2.7170346658854131e-08,110,False,0,359485498.43398404
2026-06-19,0.135834975,0,361031901.66770905,361031901.66770893,1.1920928955078125e-07,2.7235086983066796e-08,110,False,0,361031901.66770905
2026-06-20,0.16083009200000001,0,361734381.03735405,361734381.03735393,1.1920928955078125e-07,2.7513210077066456e-08,110,False,0,361734381.03735405
2026-06-21,0.16242889199999999,0,362236183.80979902,362236183.80979896,5.9604644775390625e-08,2.7526350399230163e-08,110,False,0,362236183.80979902
2026-06-22,0.15701169500000001,0,361876168.70318705,361876168.70318693,1.1920928955078125e-07,2.771553645494033e-08,110,False,0,361876168.70318705
2026-06-23,0.16115305499999999,0,362152882.95379806,362152882.95379794,1.1920928955078125e-07,2.7736751639280517e-08,110,False,0,362152882.95379806
2026-06-24,0.15215295000000001,0,366319936.61329204,366319936.61329192,1.1920928955078125e-07,2.7812097970559698e-08,110,False,0,366319936.61329204
2026-06-25,0.149996096,0,366474142.82185203,366474142.82185191,1.1920928955078125e-07,2.7815877107223644e-08,110,False,0,366474142.82185203
2026-06-26,0.1661424,0,367002315.27517205,367002315.27517194,1.1920928955078125e-07,2.7825718817074116e-08,110,False,0,367002315.27517205
2026-06-27,0.16545231499999999,0,367105448.45140803,367105448.45140791,1.1920928955078125e-07,2.7842008958185158e-08,110,False,0,367105448.45140803
2026-06-28,0.15801757699999999,0,366817554.96742702,366817554.9674269,1.1920928955078125e-07,2.7856406631051641e-08,110,False,0,366817554.96742702
2026-06-29,0.16817358800000001,0,366962281.85485905,366962281.85485888,1.7881393432617188e-07,2.7895674003879367e-08,110,False,0,366962281.85485905
2026-06-30,0.16191988900000001,0,366893946.15483707,366893946.15483689,1.7881393432617188e-07,2.7934636399689061e-08,110,False,0,366893946.15483707
2026-07-01,0.177781036,0,367262501.56272602,367262501.5627259,1.1920928955078125e-07,2.799110341093931e-08,110,False,0,367262501.56272602
2026-07-02,0.17533432099999999,0,366993132.30969101,366993132.30969089,1.1920928955078125e-07,2.816500835390277e-08,110,False,0,366993132.30969101
2026-07-03,0.19145439,0,367815173.09144002,367815173.0914399,1.1920928955078125e-07,2.817060294673834e-08,110,False,0,367815173.09144002
2026-07-04,0.17713410700000001,0,366977409.15093106,366977409.15093088,1.7881393432617188e-07,2.824250802572337e-08,110,False,0,366977409.15093106
2026-07-05,0.174795434,0,367302469.08709604,367302469.08709586,1.7881393432617188e-07,2.8248139409971177e-08,110,False,0,367302469.08709604
2026-07-06,0.17075824100000001,0,367214197.47129905,367214197.47129887,1.7881393432617188e-07,2.8256550404745107e-08,110,False,0,367214197.47129905
2026-07-07,0.158309968,0,366761011.00386304,366761011.00386286,1.7881393432617188e-07,2.8308999647610622e-08,110,False,0,366761011.00386304
2026-07-08,0.16107798700000001,0,366833851.60975802,366833851.60975784,1.7881393432617188e-07,2.8309385117044772e-08,110,False,0,366833851.60975802
2026-07-09,0.16074981399999999,0,366815991.99594104,366815991.99594086,1.7881393432617188e-07,2.8312791447817776e-08,110,False,0,366815991.99594104
2026-07-10,0.15562816900000001,0,366686877.99954605,366686877.99954587,1.7881393432617188e-07,2.8333624671852564e-08,110,False,0,366686877.99954605
2026-07-11,0.152133676,0,366608247.99998206,366608247.99998188,1.7881393432617188e-07,2.8460178662168207e-08,110,False,0,366608247.99998206
2026-07-12,0.14783855400000001,0,366512923.73706305,366512923.73706287,1.7881393432617188e-07,2.8464514621494167e-08,110,False,0,366512923.73706305
2026-07-13,0.147282988,0,366514606.04735506,366514606.04735488,1.7881393432617188e-07,2.8466465718113505e-08,110,False,0,366514606.04735506
2026-07-14,0.149002721,0,366618362.68264002,366618362.6826399,1.1920928955078125e-07,2.8470135464646067e-08,110,False,0,366618362.68264002
2026-07-15,0.158197118,0,367112443.80954403,367112443.80954391,1.1920928955078125e-07,2.8470427231256939e-08,110,False,0,367112443.80954403
2026-07-16,0.14295591599999999,0,366534600.76933503,366534600.76933491,1.1920928955078125e-07,2.850583790564966e-08,110,False,0,366534600.76933503
2026-07-17,0.129397029,0,365935950.01335704,365935950.01335692,1.1920928955078125e-07,2.8541771555368621e-08,110,False,0,365935950.01335704
2026-07-18,0.13758593199999999,0,366299400.21027803,366299400.21027792,1.1920928955078125e-07,2.8769831003864781e-08,110,False,0,366299400.21027803
2026-07-19,0.14458010299999999,0,366518125.22262907,366518125.22262889,1.7881393432617188e-07,2.8770161850326119e-08,110,False,0,366518125.22262907
2026-07-20,0.16900109099999999,0,387943977.64700907,387943977.6470089,1.7881393432617188e-07,2.8935270350213277e-08,110,False,0,387943977.64700907
2026-07-21,0.16153297699999999,0,387776654.42624104,387776654.42624092,1.1920928955078125e-07,2.9127974988775553e-08,110,False,0,387776654.42624104
2026-07-22,0.160935152,0,387919773.98040706,387919773.98040694,1.1920928955078125e-07,2.9354434925082347e-08,110,False,0,387919773.98040706
2026-07-23,0.16202878600000001,0,387988509.42746902,387988509.42746896,5.9604644775390625e-08,2.9391972441580279e-08,110,False,0,387988509.42746902
2026-07-24,0.16175555699999999,0,387946237.85718405,387946237.85718393,1.1920928955078125e-07,2.9420891303932744e-08,110,False,0,387946237.85718405
2026-07-25,0.16232854499999999,0,387706947.55271107,387706947.55271095,1.1920928955078125e-07,2.9451328940974555e-08,110,False,0,387706947.55271107
2026-07-26,0.178018171,0,388409339.39991105,388409339.39991093,1.1920928955078125e-07,2.9456595211033478e-08,110,False,0,388409339.39991105
2026-07-27,0.16126559100000001,0,388005677.16974306,388005677.16974294,1.1920928955078125e-07,2.969108009740238e-08,110,False,0,388005677.16974306
2026-07-28,0.16930461299999999,0,388296652.69311404,388296652.69311392,1.1920928955078125e-07,2.9703806023617975e-08,110,False,0,388296652.69311404
2026-07-29,0.17209144400000001,0,393031807.98738903,393031807.98738891,1.1920928955078125e-07,2.9708538594723812e-08,110,False,0,393031807.98738903
2026-07-30,0.173025653,0,392953453.46897602,392953453.4689759,1.1920928955078125e-07,2.9715399120759968e-08,110,False,0,392953453.46897602
2026-07-31,0.17849251999999999,0,393251433.19491404,393251433.19491392,1.1920928955078125e-07,2.9726471230206296e-08,110,False,0,393251433.19491404
2026-08-01,0.16795348399999999,0,393049227.80491304,393049227.80491292,1.1920928955078125e-07,3.0058016532181373e-08,110,False,0,393049227.80491304
2026-08-02,0.16302481699999999,0,392808035.03787303,392808035.03787291,1.1920928955078125e-07,3.0060293488582577e-08,110,False,0,392808035.03787303
2026-08-03,0.16075731500000001,0,392770239.27287805,392770239.27287793,1.1920928955078125e-07,3.007329633738026e-08,110,False,0,392770239.27287805
2026-08-04,0.16408574100000001,0,392864130.24928302,392864130.24928296,5.9604644775390625e-08,3.1335929210635935e-08,110,False,0,392864130.24928302
2026-08-05,0.1690343,0,393012101.58666003,393012101.58665997,5.9604644775390625e-08,3.1339721827355745e-08,110,False,0,393012101.58666003
2026-08-06,0.16243079099999999,0,392861383.05179703,392861383.05179697,5.9604644775390625e-08,3.1404845178511905e-08,110,False,0,392861383.05179703
2026-08-07,0.161669752,0,392827235.52180606,392827235.521806,5.9604644775390625e-08,3.1510451722312577e-08,110,False,0,392827235.52180606
2026-08-08,0.167897463,0,393027873.86290807,393027873.86290801,5.9604644775390625e-08,3.1551006399984189e-08,110,False,0,393027873.86290807
2026-08-09,0.162232184,0,392859183.11194807,392859183.11194801,5.9604644775390625e-08,3.160251901360332e-08,110,False,0,392859183.11194807
2026-08-10,0.15731257700000001,0,392755430.28229004,392755430.28229004,0,3.1620508290338229e-08,110,False,0,392755430.28229004
2026-08-11,0.15843475300000001,0,392718678.93827105,392718678.93827105,0,3.1623056647696696e-08,110,False,0,392718678.93827105
2026-08-12,0.15742967199999999,0,392708847.19996107,392708847.19996107,0,3.1629340346952068e-08,110,False,0,392708847.19996107
2026-08-13,0.16954435700000001,0,393096627.67081606,393096627.67081606,0,3.1782721210517712e-08,110,False,0,393096627.67081606
2026-08-14,0.163552269,0,392874102.66149807,392874102.66149807,0,3.1808268471882037e-08,110,False,0,392874102.66149807
2026-08-15,0.163992412,0,393389236.69317603,393389236.69317609,-5.9604644775390625e-08,3.180928511004458e-08,110,False,0,393389236.69317603
2026-08-16,0.161429358,0,393379251.25031406,393379251.25031412,-5.9604644775390625e-08,3.1852668639186839e-08,110,False,0,393379251.25031406
2026-08-17,0.16278479200000001,0,393337840.26779604,393337840.2677961,-5.9604644775390625e-08,3.1858665619876654e-08,110,False,0,393337840.26779604
2026-08-18,0.17441915699999999,0,393599836.64658505,393599836.64658511,-5.9604644775390625e-08,3.1863291204452362e-08,110,False,0,393599836.64658505
2026-08-19,0.19967534100000001,0,394197418.82038903,394197418.82038909,-5.9604644775390625e-08,3.1931148812873568e-08,110,False,0,394197418.82038903
2026-08-20,0.210101644,0,394280999.43619907,394280999.43619907,0,3.1954882354474493e-08,110,False,0,394280999.43619907
2026-08-21,0.217026055,0,394565810.48803204,394565810.48803204,0,3.2035727636332415e-08,110,False,0,394565810.48803204
2026-08-22,0.220516817,0,394657924.75921005,394657924.75921005,0,3.2103125973731801e-08,110,False,0,394657924.75921005
2026-08-23,0.24545072500000001,0,394978091.89198905,394978091.89198905,0,3.2202402598846909e-08,110,False,0,394978091.89198905
2026-08-24,0.226280013,0,394734391.47856802,394734391.47856808,-5.9604644775390625e-08,3.288537480541401e-08,110,False,0,394734391.47856802
2026-08-25,0.211084887,0,394446163.767425,394446163.76742506,-5.9604644775390625e-08,3.2980008762334785e-08,110,False,0,394446163.767425
2026-08-26,0.21639266300000001,0,394551446.35531402,394551446.35531408,-5.9604644775390625e-08,3.305629223666376e-08,110,False,0,394551446.35531402
2026-08-27,0.223259712,0,394838864.93626505,394838864.93626505,0,3.3118086681225097e-08,110,False,0,394838864.93626505
2026-08-28,0.208933546,0,394530219.94860107,394530219.94860107,0,3.3124895889804025e-08,110,False,0,394530219.94860107
2026-08-29,0.203102744,0,394347511.78852707,394347511.78852707,0,3.3129588095846139e-08,110,False,0,394347511.78852707
2026-08-30,0.18684358300000001,0,393930966.10301107,393930966.10301107,0,3.3148600566875165e-08,110,False,0,393930966.10301107
2026-08-31,0.19653683499999999,0,394209730.68817008,394209730.68817008,0,3.3684424417442217e-08,110,False,0,394209730.68817008
2026-09-01,0.19182930100000001,0,398855298.26641905,398855298.26641905,0,3.3710765176097698e-08,110,False,0,398855298.26641905
2026-09-02,0.193526109,0,398917227.39190906,398917227.39190906,0,3.3713880906392111e-08,110,False,0,398917227.39190906
2026-09-03,0.19852460299999999,0,399450299.39173102,399450299.39173108,-5.9604644775390625e-08,3.3772523950433817e-08,110,False,0,399450299.39173102
2026-09-04,0.184962392,0,399116659.42551506,399116659.42551506,0,3.3782520094236344e-08,110,False,0,399116659.42551506
2026-09-05,0.19049027399999999,0,399286531.10996807,399286531.10996807,0,3.3799665889870316e-08,110,False,0,399286531.10996807
2026-09-06,0.21261211199999999,0,399762012.98577005,399762012.98577005,0,3.380183284248213e-08,110,False,0,399762012.98577005
2026-09-07,0.19904203000000001,0,399206309.73241502,399206309.73241502,0,3.3822450211405356e-08,110,False,0,399206309.73241502
2026-09-08,0.19428290100000001,0,399413451.27836007,399413451.27836001,5.9604644775390625e-08,3.3827615112897961e-08,110,False,0,399413451.27836007
2026-09-09,0.21055618300000001,0,398691566.87229705,398691566.87229699,5.9604644775390625e-08,3.387320375009267e-08,110,False,0,398691566.87229705
2026-09-10,0.21239079,0,398400325.46914107,398400325.46914101,5.9604644775390625e-08,3.4219660134182071e-08,110,False,0,398400325.46914107
2026-09-11,0.23107003600000001,0,398272752.79227906,398272752.79227901,5.9604644775390625e-08,3.4416400185321733e-08,110,False,0,398272752.79227906
2026-09-12,0.22629914400000001,0,397468438.04495102,397468438.04495102,0,3.5074245653525255e-08,110,False,0,397468438.04495102
2026-09-13,0.220223171,0,396175602.12710905,396175602.12710905,0,3.5178070296312839e-08,110,False,0,396175602.12710905
2026-09-14,0.22074426599999999,0,398056985.40563607,398056985.40563607,0,3.5263821910455654e-08,110,False,0,398056985.40563607
2026-09-15,0.19648296800000001,0,397534167.78404206,397534167.78404206,0,3.5337122224191079e-08,110,False,0,397534167.78404206
2026-09-16,0.19990904700000001,0,397713193.53892606,397713193.53892606,0,3.5430167493938334e-08,110,False,0,397713193.53892606
2026-09-17,0.225944596,0,398374225.35729408,398374225.35729408,0,3.5568441654560277e-08,110,False,0,398374225.35729408
2026-09-18,0.260509292,0,399027300.92340004,399027300.9234001,-5.9604644775390625e-08,3.5641138222076017e-08,110,False,0,399027300.92340004
2026-09-19,0.25829848900000002,0,398735901.13790208,398735901.13790208,0,3.5677226229829375e-08,110,False,0,398735901.13790208
2026-09-20,0.25599406200000002,0,399159491.91368103,399159491.91368109,-5.9604644775390625e-08,3.5762311623890498e-08,110,False,0,399159491.91368103
2026-09-21,0.284452015,0,399654278.21739703,399654278.21739709,-5.9604644775390625e-08,3.5782018669445219e-08,110,False,0,399654278.21739703
2026-09-22,0.33155251800000002,0,410144070.80678904,410144070.8067891,-5.9604644775390625e-08,3.589911633043996e-08,110,False,0,410144070.80678904
2026-09-23,0.34395403800000002,0,410271220.05620807,410271220.05620807,0,3.6043573799474735e-08,110,False,0,410271220.05620807
2026-09-24,0.32816194399999998,0,415230474.87068003,415230474.87068009,-5.9604644775390625e-08,3.6069048391754769e-08,110,False,0,415230474.87068003
2026-09-25,0.35888002899999999,0,425724046.13223308,425724046.13223308,0,3.6131196473460545e-08,110,False,0,425724046.13223308
2026-09-26,0.35062987200000001,0,425686005.00294209,425686005.00294209,0,3.6278748713288949e-08,110,False,0,425686005.00294209
2026-09-27,0.38093500200000002,0,426053181.43030703,426053181.43030709,-5.9604644775390625e-08,3.6300823824673073e-08,110,False,0,426053181.43030703
2026-09-28,0.32981469000000002,0,435690341.32503903,435690341.32503909,-5.9604644775390625e-08,3.6386786279045593e-08,110,False,0,435690341.32503903
2026-09-29,0.32629744300000002,0,435772197.57638508,435772197.57638508,0,3.6419856339536345e-08,110,False,0,435772197.57638508
2026-09-30,0.31669578900000001,0,435708171.66672605,435708171.66672605,0,3.6478066725719451e-08,110,False,0,435708171.66672605
2026-10-01,0.30071768999999998,0,435449579.20295006,435449579.20295006,0,3.6495802346563538e-08,110,False,0,435449579.20295006
2026-10-02,0.29421889699999998,0,435393548.03433704,435393548.03433704,0,3.6523444538050692e-08,110,False,0,435393548.03433704
2026-10-03,0.30476558799999998,0,435603950.96457708,435603950.96457702,5.9604644775390625e-08,3.6564201493091386e-08,110,False,0,435603950.96457708
2026-10-04,0.30234883499999998,0,435600576.22662705,435600576.22662699,5.9604644775390625e-08,3.6968930195634729e-08,110,False,0,435600576.22662705
2026-10-05,0.29652314400000002,0,439599572.02797204,439599572.02797198,5.9604644775390625e-08,3.6986255470421594e-08,110,False,0,439599572.02797204
2026-10-06,0.327769598,0,439781848.81623006,439781848.81623,5.9604644775390625e-08,3.7040884324379417e-08,110,False,0,439781848.81623006
2026-10-07,0.44470558199999999,0,432742675.39667505,432742675.39667499,5.9604644775390625e-08,3.9316585412021718e-08,110,False,0,432742675.39667505
2026-10-08,0.44171979099999997,0,427129519.28107804,427129519.28107798,5.9604644775390625e-08,3.9373953184395745e-08,110,False,0,427129519.28107804
2026-10-09,0.40513122346678537,0,398213674.87674809,398213674.87674797,1.1920928955078125e-07,3.9591337820823238e-08,110,False,0,398213674.87674809
2026-10-10,0.42299955919368654,0,408171181.27064008,408171181.27063996,1.1920928955078125e-07,3.9604094015963221e-08,110,False,0,408171181.27064008
