day,price,market_cap,buyers,total_buy_qty,total_buy_usd,avg_buy_usd,ratio_pct,bucket
2024-11-13,0.269207698,76503326.0,95,13752350.077512853,3702238.506457356,38970.93164691954,0.0509401795771853,Big Whale Orders
2024-11-14,0.269207698,76503326.0,313,19901784.72006744,5357713.65058093,17117.296008245783,0.0223745775552892,Small Whale Orders
2024-11-15,0.221328982,62897173.0,178,12912934.711111665,2858006.6942428085,16056.217383386564,0.0255277250432011,Small Whale Orders
2024-11-16,0.204953161,58243500.0,190,5165091.923445239,1058601.9165656718,5571.589034556168,0.0095660271696518,Small Whale Orders
2024-11-17,0.230238359,65429036.89,146,2003843.5853433907,461361.6587821387,3160.011361521498,0.0048296773294006,Normal
2024-11-18,0.214233905,64086684.42,104,2141437.7239036914,458768.5659061996,4411.236210636534,0.0068832336242064,Small Whale Orders
2024-11-19,0.229325117,85219953.29,99,8262869.29494443,1894883.4678188388,19140.23704867514,0.0224598070167225,Small Whale Orders
2024-11-20,0.217870837,91085457.05,81,3788457.160940181,825394.3325926809,10190.05348879853,0.011187355060649,Small Whale Orders
2024-11-21,0.204195342,86472314.8,112,6843636.313622189,1397438.657583702,12477.130871283054,0.0144290469153522,Small Whale Orders
2024-11-22,0.252464005,109793892.9,86,7079389.7451848285,1787291.0880252912,20782.45451192199,0.0189286070135527,Small Whale Orders
2024-11-23,0.227748919,100777212.1,77,2168788.818318031,493939.3089112189,6414.79621962622,0.0063653241501272,Small Whale Orders
2024-11-24,0.229392918,100785469.2,103,2290371.749497397,525395.058921973,5100.922902155077,0.0050611689786676,Small Whale Orders
2024-11-25,0.233741699,102985637.4,96,6303519.927515386,1473395.457537803,15347.869349352117,0.0149029221324721,Small Whale Orders
2024-11-26,0.215412496,95041120.09,80,2502013.0469082925,538964.8754590803,6737.0609432385045,0.0070885748577655,Small Whale Orders
2024-11-27,0.2102303,93323976.94,79,6497658.206959165,1366004.634146487,17291.197900588446,0.0185281408567761,Small Whale Orders
2024-11-28,0.221900079,114775344.4,68,2574419.3184803086,571263.8501499067,8400.938972792746,0.0073194630926263,Small Whale Orders
2024-11-29,0.223978989,116599488.2,79,2681921.9359105146,600694.1637821598,7603.723592179238,0.006521232390949,Small Whale Orders
2024-11-30,0.206333485,107353226.2,78,1512850.5921352075,312151.734959571,4001.9453199945,0.0037278295787206,Normal
2024-12-01,0.209876833,110458434.6,73,1359921.373785763,285415.9910591652,3909.808096700893,0.0035396193245535,Normal
2024-12-02,0.203427369,107741200.0,102,4636974.849660206,943287.5937855464,9247.917586132806,0.0085834551556255,Small Whale Orders
2024-12-03,0.195058962,103347742.5,129,8875593.246425742,1731264.0057820154,13420.651207612522,0.0129859161728786,Small Whale Orders
2024-12-04,0.219703899,117189257.6,100,14863066.114699569,3265473.576494276,32654.73576494276,0.0278649565955973,Small Whale Orders
2024-12-05,0.238232703,127424070.0,69,1697386.872021383,404373.062558369,5860.479167512595,0.0045991932038527,Normal
2024-12-06,0.225821805,121884171.9,84,108403276.59458424,24479823.588503264,291426.4712917055,0.23910116198747,Big Whale Orders
2024-12-07,0.230668817,124257996.5,61,859719.2957659065,198310.4329063948,3250.9907033835207,0.0026163231300639,Normal
2024-12-08,0.227305257,122460600.9,89,1861079.6681255577,423033.1922607546,4753.181935514097,0.0038813968742448,Normal
2024-12-09,0.236093344,127354679.5,68,104071903.69108292,24570683.758873712,361333.5846893193,0.2837222676920319,Big Whale Orders
2024-12-10,0.220877764,118747352.9,59,7629978.322903613,1685292.55133142,28564.28053104101,0.0240546671849566,Small Whale Orders
2024-12-11,0.214933234,116294189.5,49,9190516.818858355,1975347.5020086188,40313.2143267065,0.0346648568600295,Small Whale Orders
2024-12-12,0.225512599,121780538.4,83,7399175.332223864,1668607.2596264922,20103.70192321075,0.0165081401243096,Small Whale Orders
2024-12-13,0.206037386,111152498.3,107,7421881.230691111,1529185.007974059,14291.44867265476,0.0128575145779289,Small Whale Orders
2024-12-14,0.192546131,103756872.8,92,8657280.440429538,1666925.853786684,18118.759280290044,0.0174627075694691,Small Whale Orders
2024-12-15,0.173446603,93753806.08,95,3136318.287435356,543983.7528824401,5726.14476718358,0.006107639792562,Small Whale Orders
2024-12-16,0.173681132,93317081.87,124,15669144.468771528,2721434.748807777,21947.05442586917,0.0235187963297476,Small Whale Orders
2024-12-17,0.210554507,113845573.0,82,22883522.281900264,4818228.752489026,58758.887225475926,0.051612799406329,Big Whale Orders
2024-12-18,0.197338928,106512126.6,236,11216808.64647639,2213512.993876782,9379.292346935516,0.008805844598483,Small Whale Orders
2024-12-19,0.198107621,106938134.0,136,8210906.95743901,1626643.2435905903,11960.61208522493,0.011184608930267,Small Whale Orders
2024-12-20,0.184672936,99628239.49,92,8192209.320650702,1512879.3475711308,16444.340734468813,0.0165057024179568,Small Whale Orders
2024-12-21,0.182538557,98309682.31,96,1737456.7799213831,317152.8534567159,3303.6755568407903,0.0033604783162896,Normal
2024-12-22,0.167930816,90663220.16,71,847359.7768424249,142297.81877072633,2004.1946305736103,0.0022105928148555,Normal
2024-12-23,0.162737556,87805235.69,60,1080431.85399637,175826.83934391808,2930.4473223986347,0.0033374403011053,Normal
2024-12-24,0.167168464,90329282.18,48,881306.1814728061,147326.60067051425,3069.3041806357137,0.0033979060904297,Normal
2024-12-25,0.173093392,93265870.03,47,44080502.88709549,7630043.765793151,162341.3567190032,0.1740629843122509,Big Whale Orders
2024-12-26,0.1756563,94759162.6,41,17218538.16744885,3024544.705902845,73769.3830708011,0.0778493404191407,Big Whale Orders
2024-12-27,0.170030111,91728278.43,51,1691817.7470060484,287659.9593152083,5640.391359121732,0.0061490212785646,Small Whale Orders
2024-12-28,0.165510239,89311145.87,48,1035693.4073608102,171417.86338301207,3571.2054871460846,0.0039986112062029,Normal
2024-12-29,0.16508434,89075371.12,46,604712.3979564743,99828.5471064619,2170.185806662216,0.0024363477573824,Normal
2024-12-30,0.163133135,88010647.43,49,1839047.9582424648,300009.6588434424,6122.646098845763,0.0069567106681216,Small Whale Orders
2024-12-31,0.161997965,87389877.67,46,1068917.488032353,173162.45781415308,3764.401256829415,0.0043075941484258,Normal
2025-01-01,0.155955419,84159102.55,66,2291866.3784461883,357428.9813425879,5415.590626402847,0.006434943413501,Small Whale Orders
2025-01-02,0.15515158,83684247.49,55,1069067.2732133782,165867.47656534732,3015.772301188133,0.0036037514725199,Normal
2025-01-03,0.157406364,84972129.64,61,4626611.054211847,728258.0236856936,11938.656125994978,0.0140500846296018,Small Whale Orders
2025-01-04,0.162127933,87491556.51,68,626062.5809417827,101502.23217673642,1492.6798849520062,0.0017060845006013,Normal
2025-01-05,0.157545227,85030122.3,47,839663.4945074714,132284.97584579283,2814.5739541658054,0.003310090445637,Normal
2025-01-06,0.150888419,81399927.06,63,1474252.6136113056,222447.6460744278,3530.9150170544094,0.0043377373230958,Normal
2025-01-07,0.154282533,83309112.78,68,2099948.624667997,323985.39298364485,4764.491073288895,0.0057190515110523,Small Whale Orders
2025-01-08,0.135465842,99938450.87,62,16615802.16756582,2250873.631134729,36304.41340539885,0.0363267722176559,Small Whale Orders
2025-01-09,0.128756882,97038915.25,57,1876020.2800974725,241550.5218341172,4237.728453230126,0.0043670402150647,Normal
2025-01-10,0.121066108,89283170.81,54,1419923.9303183227,171904.66389970254,3183.419701846344,0.0035655316371109,Normal
2025-01-11,0.12430623,92334896.08,51,1041358.8812596076,129447.39660639947,2538.184247184304,0.0027488894826774,Normal
2025-01-12,0.122271306,90149843.52,92,3676255.063978293,449500.5078617394,4885.875085453689,0.0054197266403127,Small Whale Orders
2025-01-13,0.135613246,99925557.23,78,10541912.874813326,1429623.0240026263,18328.500307725983,0.018342154715774,Small Whale Orders
2025-01-14,0.117735063,86593116.94,48,1108364.3086652765,130493.34170765776,2718.6112855762035,0.0031395235344859,Normal
2025-01-15,0.119455545,88694110.27,62,2610112.805319804,311792.4476709561,5028.910446305743,0.005669948580573,Small Whale Orders
2025-01-16,0.13303771,98037747.51,56,38675003.06748293,5145233.842340905,91879.1757560876,0.0937181627379961,Big Whale Orders
2025-01-17,0.130070117,95895841.8,43,2071077.12396954,269385.2438307416,6264.773112342828,0.0065328933921958,Small Whale Orders
2025-01-18,0.138679739,102010784.2,52,967034.6534793548,134108.11334847234,2579.0021797783143,0.0025281662130172,Normal
2025-01-19,0.127442422,93950396.54,34,1337856.1744854432,170499.63116407947,5014.695034237631,0.0053375985827825,Small Whale Orders
2025-01-20,0.120170615,88407534.97,55,2371608.239934153,284997.62073195475,5181.774922399178,0.0058612367420464,Small Whale Orders
2025-01-21,0.112408422,82933724.49,42,2392280.101174526,268912.4311550288,6402.676932262591,0.0077202332002279,Small Whale Orders
2025-01-22,0.114065316,83919975.32,53,1161878.8710597325,132530.08058115165,2500.567558134937,0.0029797048302265,Normal
2025-01-23,0.118307057,87190978.18,41,1840054.9201309588,217691.48231906377,5309.548349245458,0.0060895616267594,Small Whale Orders
2025-01-24,0.122577204,90411270.52,66,13188484.1638785,1616607.513806504,24494.053239492485,0.0270918139946657,Small Whale Orders
2025-01-25,0.138808875,102299393.9,52,1984477.785437452,275463.128859064,5297.367862674308,0.0051782983854748,Small Whale Orders
2025-01-26,0.14566584,107269181.9,65,1357718.3762724544,197773.18776316312,3042.6644271255864,0.00283647583885,Normal
2025-01-27,0.146768773,108309153.6,44,9173093.305381086,1346323.6490452962,30598.26475102946,0.028250857599749,Small Whale Orders
2025-01-28,0.136197814,100397356.0,54,23298712.40582992,3173233.698688715,58763.58701275399,0.0585310105305502,Big Whale Orders
2025-01-29,0.137215428,101136409.3,44,5950190.116675378,816457.8835409818,18555.86098956777,0.0183473598855242,Small Whale Orders
2025-01-30,0.132610129,97670744.54,51,5880676.753472202,779837.30288525,15290.92750755392,0.0156555861016209,Small Whale Orders
2025-01-31,0.134851569,99441337.47,40,1041903.4213088016,140502.31110995993,3512.5577777489984,0.0035322913660616,Normal
2025-02-01,0.127777825,94160250.8,38,22283074.869148057,2847282.841091898,74928.49581820784,0.0795755057804156,Big Whale Orders
2025-02-02,0.128138321,94462748.46,34,1252632.058519862,160510.16880950885,4720.887317926731,0.004997617997454,Normal
2025-02-03,0.114133686,84026366.63,76,5724350.893642369,653341.2674487975,8596.595624326283,0.010230831070181,Small Whale Orders
2025-02-04,0.134545587,99162014.07,48,14394784.443519907,1936754.7226918545,40349.056722746966,0.0406900334782066,Small Whale Orders
2025-02-05,0.121238973,89226343.66,44,1807096.8329575392,219090.56413932465,4979.331003166469,0.0055805615235567,Small Whale Orders
2025-02-06,0.114263502,84213362.72,34,1089963.9874249403,124543.10225705765,3663.032419325225,0.0043497044898971,Normal
2025-02-07,0.110270581,81236779.0,38,661450.2459824443,72938.50292707705,1919.434287554659,0.0023627651307478,Normal
2025-02-08,0.110801012,81680080.64,25,687948.9389166656,76225.43863629273,3049.0175454517093,0.0037328777366051,Normal
2025-02-09,0.108201971,79734960.78,57,3419466.910098821,369993.0594419722,6491.106305999512,0.0081408534506079,Small Whale Orders
2025-02-10,0.111979295,82547936.34,44,1752104.97568814,196199.47994355008,4459.079089626138,0.0054018056505495,Small Whale Orders
2025-02-11,0.113214151,83483790.97,38,1131994.407068025,128157.78573295489,3372.57330876197,0.0040397941559384,Normal
2025-02-12,0.110666651,81580553.19,33,10327379.202737618,1142896.4699740224,34633.226362849164,0.0424527966636716,Small Whale Orders
2025-02-13,0.113691326,83597580.88,38,4060809.962278928,461678.86924550135,12149.443927513194,0.0145332482107982,Small Whale Orders
2025-02-14,0.112661655,83034014.1,43,4998097.028137163,563093.8830405143,13095.20658233754,0.0157708942826329,Small Whale Orders
2025-02-15,0.1313579,96805599.07,61,9077084.369304674,1192346.7408746865,19546.66788319158,0.0201916708031086,Small Whale Orders
2025-02-16,0.131301754,96772159.73,72,1359715.296252302,178533.0033385569,2479.625046368846,0.0025623330648888,Normal
2025-02-17,0.133616093,98477876.43,39,1194795.4719990825,159643.90290260827,4093.4334077591866,0.0041567035725723,Normal
2025-02-18,0.13689928,100898070.5,76,2568531.140633821,351630.06381034886,4626.711365925643,0.0045855300730707,Normal
2025-02-19,0.127774285,94175700.33,141,4518228.114143632,577313.366751601,4094.4210407914966,0.0043476406614915,Normal
2025-02-20,0.132781738,97871371.48,67,1806318.1938079395,239846.06915483903,3579.7920769378966,0.0036576498549112,Normal
2025-02-21,0.127185306,93736724.53,94,2130655.699296277,270988.0970956409,2882.852096762137,0.0030754777396126,Normal
2025-02-22,0.136582064,100665194.4,59,1107611.1499761338,151279.8169731539,2564.064694460236,0.0025471213856417,Normal
2025-02-23,0.135608432,99945474.96,65,1310026.9981820371,177650.7071011329,2733.0878015558906,0.0027345788317577,Normal
2025-02-24,0.141808791,104511224.9,65,1131695.8933351892,160484.42641352813,2468.9911755927405,0.0023624172216478,Normal
2025-02-25,0.127691254,94148970.21,79,2280781.477539011,291235.84696692915,3686.529708442141,0.0039156346587958,Normal
2025-02-26,0.127156719,93741067.25,63,5709855.4033335615,726046.4790523174,11524.54728654472,0.0122940218461665,Small Whale Orders
2025-02-27,0.126141886,92954115.72,44,2911854.848238305,367306.86231502367,8347.883234432356,0.008980649398654,Small Whale Orders
2025-02-28,0.132888976,97929365.0,107,42393136.303430624,5633580.472791321,52650.284792442246,0.0537635312885386,Big Whale Orders
2025-03-01,0.127407582,94161108.81,55,2626302.754588037,334610.8835620012,6083.83424658184,0.0064610902775772,Small Whale Orders
2025-03-02,0.124542105,91705620.16,45,3044343.0491554453,379148.8916839376,8425.530926309726,0.0091875840451322,Small Whale Orders
2025-03-03,0.136272155,100435449.6,49,4051473.540603053,552103.030303458,11267.408781703223,0.0112185576174323,Small Whale Orders
2025-03-04,0.118960213,87708106.47,106,14624485.533590171,1739731.9140913056,16412.565227276467,0.0187127118436769,Small Whale Orders
2025-03-05,0.129881597,95698845.88,61,5766359.715562561,748944.0087337311,12277.7706349792,0.0128295911221068,Small Whale Orders
2025-03-06,0.136369583,100532974.8,70,3708576.03800325,505736.9678262953,7224.813826089933,0.0071865115306325,Small Whale Orders
2025-03-07,0.14104513,103860021.9,68,3134135.190614834,442054.505397844,6500.801549968294,0.0062591952428312,Small Whale Orders
2025-03-08,0.137525128,101359248.9,165,6795860.642522165,934601.604733023,5664.252149897109,0.0055882933342229,Small Whale Orders
2025-03-09,0.171178521,126591338.5,104,3687104.966549395,631153.17494568,6068.780528323846,0.0047939934913665,Normal
2025-03-10,0.138346409,101965059.4,101,4404218.2616409045,609307.7809502416,6032.750306438035,0.0059164878066437,Small Whale Orders
2025-03-11,0.133057708,98078574.25,149,4986867.84729345,663541.2058597604,4453.296683622553,0.0045405397842256,Normal
2025-03-12,0.132888345,97943107.82,166,22197669.703178376,2949811.589712016,17769.94933561455,0.0181431340409089,Small Whale Orders
2025-03-13,0.149302455,110082393.2,205,30861076.108329225,4607634.426915399,22476.265497148288,0.0204176752010768,Small Whale Orders
2025-03-14,0.140815427,103779436.8,126,6200839.958814773,873173.9265591645,6929.951798088608,0.0066775769957624,Small Whale Orders
2025-03-15,0.159065191,117053481.6,113,7986427.697198102,1270362.6470625063,11242.147319137224,0.0096042827308241,Small Whale Orders
2025-03-16,0.160444472,118254519.0,99,8152972.780044394,1308099.412924595,13213.125383076716,0.0111734633862717,Small Whale Orders
2025-03-17,0.145720419,107347162.9,90,18616863.20847778,2712857.107205067,30142.85674672297,0.0280797889132875,Small Whale Orders
2025-03-18,0.148774548,109690284.5,114,11461122.576988166,1705123.3309640095,14957.222201438684,0.0136358678160221,Small Whale Orders
2025-03-19,0.138548468,102104303.4,103,9372783.057254544,1298584.7334789736,12607.61877164052,0.0123477839344825,Small Whale Orders
2025-03-20,0.138312222,101976855.4,85,1755332.3014702094,242783.91096471853,2856.281305467277,0.0028009113384244,Normal
2025-03-21,0.130737015,96394755.17,89,3830526.972885472,500791.6623120326,5626.8726102475575,0.0058373223733221,Small Whale Orders
2025-03-22,0.126180961,93013950.19,66,2219032.219269819,279999.6179174285,4242.418453294371,0.0045610561046255,Normal
2025-03-23,0.137330753,101326769.1,62,1012252.4985370662,139013.3978502267,2242.1515782294628,0.0022127929254476,Normal
2025-03-24,0.133128354,98099818.77,68,5738797.397259275,763996.6514366115,11235.244874067816,0.0114528701632053,Small Whale Orders
2025-03-25,0.136457086,121741396.6,71,7968291.927444507,1087329.8968164008,15314.505588963391,0.0125795382808705,Small Whale Orders
2025-03-26,0.14202782,126850405.7,97,6039765.080210716,857814.6676544531,8843.450182004672,0.0069715584536003,Small Whale Orders
2025-03-27,0.138764169,124187184.0,88,3612951.9558777786,501348.2757943046,5697.1394976625525,0.0045875422198659,Normal
2025-03-28,0.137844902,123250567.1,173,4432107.591762838,610943.4366400044,3531.464951676326,0.002865272781107,Normal
2025-03-29,0.124067308,110887679.7,154,3967345.175608961,492217.8358445911,3196.219713276565,0.0028823938979729,Normal
2025-03-30,0.115944692,103585719.6,126,5335970.757098684,618677.4859528138,4910.138777403284,0.0047401695874334,Normal
2025-03-31,0.120293967,107644591.9,126,7588907.974252761,912899.8454207984,7245.236868419036,0.0067307021565465,Small Whale Orders
2025-04-01,0.117094421,104664127.1,136,6576289.254413855,770046.7825741121,5662.108695397883,0.0054097892489831,Small Whale Orders
2025-04-02,0.121376679,108559105.0,107,3958163.753800087,480428.7713744282,4489.988517518021,0.00413598520135,Normal
2025-04-03,0.117994826,105043237.3,107,8112146.039233867,957191.2603859892,8945.71271388775,0.0085162195528485,Small Whale Orders
2025-04-04,0.11322419,101184940.3,84,4438169.66490642,502508.1653916008,5982.240064185724,0.0059121842108609,Small Whale Orders
2025-04-05,0.113635574,101585205.8,62,1493271.8250411488,169688.80097657852,2736.9161447835245,0.0026942074126147,Normal
2025-04-06,0.11046552,98645577.89,91,5810691.322069134,641881.0384518543,7053.637785185211,0.007150485542343,Small Whale Orders
2025-04-07,0.094437531,84273827.03,126,11192947.772083957,1057034.3522075596,8389.161525456822,0.0099546464437534,Small Whale Orders
2025-04-08,0.096945591,86512650.0,99,12285511.00483692,1191026.125100919,12030.566920211304,0.013906136178017,Small Whale Orders
2025-04-09,0.092504026,86556638.56,115,12585951.671303282,1164251.2006369825,10123.923483799848,0.0116962992697343,Small Whale Orders
2025-04-10,0.109738301,102798524.0,84,4215459.350315521,462597.34703818907,5507.111274264155,0.0053571890528935,Small Whale Orders
2025-04-11,0.106088134,99354272.0,90,2930205.128449075,310859.9943143927,3453.9999368265853,0.003476448337145,Normal
2025-04-12,0.110183393,103059013.1,82,1176053.62550838,129581.57880846466,1580.263156200789,0.0015333575479394,Normal
2025-04-13,0.11481581,107516401.7,78,2080001.244972665,238817.0277425449,3061.756765930064,0.0028477113421942,Normal
2025-04-14,0.109068823,101948474.8,58,2232537.6405188907,243500.2527545925,4198.280219906767,0.0041180412243958,Normal
2025-04-15,0.109612448,102438324.9,71,4354642.897461571,477323.0681565757,6722.860114881349,0.0065628368303017,Small Whale Orders
2025-04-16,0.108084247,101311191.7,132,10777523.056005886,1164880.464033535,8824.852000254054,0.0087106388269382,Small Whale Orders
2025-04-17,0.133182448,124628301.8,133,15140662.059008049,2016470.4373594124,15161.431859845206,0.0121653201085704,Small Whale Orders
2025-04-18,0.135589934,126923883.4,148,8020883.227446161,1087551.027431132,7348.317752913054,0.0057895468969814,Small Whale Orders
2025-04-19,0.156691968,146668670.5,162,8216123.798775014,1287400.6073616927,7946.917329393164,0.0054182786973535,Small Whale Orders
2025-04-20,0.169116313,158387124.6,99,2409203.018946161,407435.531832644,4115.510422551959,0.0025983869793365,Normal
2025-04-21,0.151140302,141471040.2,142,6366880.404931646,962292.2271992512,6776.70582534684,0.0047901717664382,Normal
2025-04-22,0.144180033,134912563.6,164,6461371.983763024,931600.8258442284,5680.492840513588,0.0042104995183069,Normal
2025-04-23,0.175378129,164226542.9,193,15587244.1948065,2733661.723151275,14164.05037902215,0.0086247022733997,Small Whale Orders
2025-04-24,0.177645469,166323698.3,185,2328037.001733239,413565.225022255,2235.487702823,0.0013440584388586,Normal
2025-04-25,0.166840918,156182456.6,137,12089618.336569268,2017043.0215428493,14722.941763086492,0.0094267577060806,Small Whale Orders
2025-04-26,0.16167489,151345712.1,154,4244935.140141018,686299.4218394335,4456.489752204114,0.0029445761563826,Normal
2025-04-27,0.159601078,149432791.6,164,6784782.927358715,1082858.6692024467,6602.796763429553,0.0044185728532087,Normal
2025-04-28,0.149971604,140483020.0,189,4179734.304482044,626841.4579369966,3316.62147056612,0.0023608699973606,Normal
2025-04-29,0.146301839,136955178.7,260,35386456.30553279,5177103.633192592,19911.93705074074,0.0145390172461881,Small Whale Orders
2025-04-30,0.138953889,130028502.5,244,13794925.64229871,1916858.5664632288,7855.977731406675,0.0060417351429596,Small Whale Orders
2025-05-01,0.157183452,147144660.3,166,48945354.24756856,7693399.739995689,46345.78156623909,0.0314967471274518,Small Whale Orders
2025-05-02,0.16402294,174719925.1,141,2003728.27536122,328657.4026858768,2330.903565148062,0.0013340799933459,Normal
2025-05-03,0.174961544,186331938.0,98,2355352.450760084,412096.1014491682,4205.06225968539,0.0022567587203893,Normal
2025-05-04,0.176434232,187928296.6,73,417611.708008132,73681.000976623,1009.3287805016852,0.0005370818544958,Normal
2025-05-05,0.173756214,185005864.8,120,5813644.484267827,1010156.8551283602,8417.973792736335,0.0045501118582573,Normal
2025-05-06,0.179214757,190929658.7,550,106227234.96859308,19037488.10167832,34613.61473032421,0.0181289879037133,Small Whale Orders
2025-05-07,0.215637379,232321170.7,287,30193848.52701643,6510922.358288833,22686.140621215447,0.0097649906604983,Small Whale Orders
2025-05-08,0.223741751,239945365.4,207,18235861.29802427,4080123.537813083,19710.741728565616,0.008214679077342,Small Whale Orders
2025-05-09,0.224861596,241623643.5,163,14710790.47051468,3307891.823621522,20293.814868843696,0.0083989358718712,Small Whale Orders
2025-05-10,0.242370143,260397455.1,190,26020994.00266304,6306712.037427583,33193.22124961886,0.0127471373469728,Small Whale Orders
2025-05-11,0.287129926,307979153.8,198,6851993.140179513,1967412.2832922512,9936.425673193187,0.0032263305975721,Normal
2025-05-12,0.273771667,294064625.3,188,6973459.187286898,1909135.5464599992,10154.976310957443,0.0034533144884725,Normal
2025-05-13,0.246953921,264948867.1,143,11136086.929488178,2750100.3318339563,19231.47085198571,0.0072585593826023,Small Whale Orders
2025-05-14,0.270148511,289875019.0,182,22384006.53699424,6047006.036183259,33225.30789111681,0.0114619424625606,Small Whale Orders
2025-05-15,0.315427295,338723206.2,191,9923869.746971289,3130259.390219488,16388.7926189502,0.004838402660039,Normal
2025-05-16,0.324009056,347310711.2,273,37785590.89809245,12242873.637293126,44845.6909790957,0.0129122683329139,Small Whale Orders
2025-05-17,0.336939138,361589237.7,245,19304254.523604512,6504358.878915906,26548.40358741186,0.0073421442950794,Small Whale Orders
2025-05-18,0.348915257,374676748.8,201,7635360.845666544,2664093.8917534794,13254.19846643522,0.0035375022626531,Normal
2025-05-19,0.366523604,393691842.8,343,44156338.37654201,16184340.281213688,47184.66554289705,0.0119851773425916,Small Whale Orders
2025-05-20,0.333618756,358259632.1,324,35032263.32283291,11687420.109627943,36072.284288975134,0.0100687549075879,Small Whale Orders
2025-05-21,0.361578788,388285464.1,234,20681575.602336343,7478019.040223144,31957.34632573993,0.0082303741140074,Small Whale Orders
2025-05-22,0.34137197,366868475.6,212,27020602.69236232,9224076.371679028,43509.79420603316,0.011859780030125,Small Whale Orders
2025-05-23,0.385361291,413868084.7,180,14940953.097003477,5757664.974231708,31987.0276346206,0.0077287978506018,Small Whale Orders
2025-05-24,0.385802818,414117528.8,240,8785276.92380286,3389384.5941135143,14122.435808806307,0.0034102482572349,Normal
2025-05-25,0.427257486,458758854.8,286,30928039.403421577,13214236.362414844,46203.62364480715,0.0100714401828712,Small Whale Orders
2025-05-26,0.441680421,474433527.6,223,13687792.69279118,6045630.039112732,27110.44860588669,0.0057142775602368,Small Whale Orders
2025-05-27,0.41958267,450739232.1,247,9038668.840548776,3792468.80536326,15354.124718069876,0.0034064318400985,Normal
2025-05-28,0.423319221,454574515.9,204,18305019.412330307,7748866.558017544,37984.63999028208,0.0083560865516355,Small Whale Orders
2025-05-29,0.417466302,448925444.4,170,7696513.003798405,3213034.821990632,18900.20483523901,0.0042100988195266,Normal
2025-05-30,0.386603446,415399666.9,185,5362522.049212493,2073169.503476532,11206.321640413686,0.002697720420443,Normal
2025-05-31,0.35399391,380130374.9,162,4663278.612858406,1650772.2295851237,10189.952034476071,0.0026806466168763,Normal
2025-06-01,0.342514166,367835073.3,138,4166707.9087290433,1427156.4843239323,10341.713654521249,0.0028115083104342,Normal
2025-06-02,0.356887098,383091574.0,181,12176057.180406462,4345477.712197325,24008.16415578633,0.0062669517643283,Small Whale Orders
2025-06-03,0.412725762,443201286.1,232,15744563.451834347,6498186.9480156815,28009.42650006759,0.0063197981094639,Small Whale Orders
2025-06-04,0.417696141,449071439.6,150,6725700.719759761,2809299.236164575,18728.66157443049,0.0041705305487947,Normal
2025-06-05,0.409627768,439872830.9,146,10734741.16121745,4397248.061927232,30118.13741046049,0.0068470101571941,Small Whale Orders
2025-06-06,0.359553961,386291944.1,176,10623121.22096096,3819585.313179669,21702.18927942993,0.0056180796961719,Small Whale Orders
2025-06-07,0.40558807,435529951.3,156,3590267.4850154314,1456169.660031163,9334.42089763566,0.0021432328292861,Normal
2025-06-08,0.418852164,449662854.2,114,3772879.478090576,1580278.7339094284,13862.09415710025,0.0030827750230252,Normal
2025-06-09,0.404374209,434076554.4,162,2931879.8842260204,1185576.6090669087,7318.374130042646,0.0016859639286803,Normal
2025-06-10,0.438815853,472405461.1,206,10979925.273981877,4818165.274978614,23389.151820284536,0.0049510756640752,Normal
2025-06-11,0.487461435,523452772.6,287,16076360.746783247,7836605.879204633,27305.2469658698,0.0052163725927449,Small Whale Orders
2025-06-12,0.495970111,532317930.5,210,7795514.601687774,3866342.242301206,18411.153534767647,0.0034586761932806,Normal
2025-06-13,0.484380879,521118507.0,187,19166004.02081058,9283645.874517765,49645.16510437307,0.0095266555375614,Small Whale Orders
2025-06-14,0.491610397,527907110.8,130,4372341.473476283,2149488.5275952406,16534.527135348006,0.003132090247902,Normal
2025-06-15,0.46765345,502522400.3,120,1662860.093283522,777642.2594913609,6480.352162428007,0.001289564835032,Normal
2025-06-16,0.495870965,531688247.1,264,7137718.853745654,3539387.535905552,13406.77096933921,0.0025215473620987,Normal
2025-06-17,0.52404829,562821324.0,195,18138474.450939905,9505436.519223744,48745.82830371151,0.0086609775118811,Small Whale Orders
2025-06-18,0.50858756,546499054.3,182,9236347.55279789,4697491.46518945,25810.3926658761,0.0047228613595564,Normal
2025-06-19,0.511549851,549322614.1,156,10216710.164292432,5226356.56225398,33502.28565547423,0.0060988360565427,Small Whale Orders
2025-06-20,0.478926538,513212518.2,1683,5683973.677882397,2722205.8356313435,1617.4722731024026,0.0003151661769232,Retail Orders
2025-06-21,0.450124832,483296559.0,208,4297753.384342773,1934525.520104722,9300.603462041932,0.0019244092035925,Normal
2025-06-22,0.42416276,454443990.0,210,8265225.432347695,3505800.831406792,16694.289673365678,0.0036735637483874,Normal
2025-06-23,0.434859659,466887842.2,232,14256868.90259984,6199737.149392271,26723.00495427703,0.0057236454966051,Small Whale Orders
2025-06-24,0.495692137,529754221.8,237,6703534.929532088,3322889.554673905,14020.631032379346,0.0026466294095288,Normal
2025-06-25,0.564656716,605754695.0,493,41506855.74882757,23437124.85861869,47539.80701545374,0.0078480294759339,Small Whale Orders
2025-06-26,0.57108077,613354314.5,266,11751476.83025418,6711042.436858716,25229.48284533352,0.0041133619261976,Normal
2025-06-27,0.592910486,636660046.9,239,9434322.841860011,5593708.94124812,23404.63992154025,0.0036761596766596,Normal
2025-06-28,0.590558997,634167229.3,217,3946184.8915925566,2330454.991555454,10739.423924218683,0.0016934687615556,Normal
2025-06-29,0.62449645,669674863.9,214,5498228.606408779,3433624.2459907294,16044.973112106212,0.0023959348001602,Normal
2025-06-30,0.605550127,650656572.9,221,3789572.6476328494,2294776.1980497986,10383.602706107686,0.0015958653364289,Normal
2025-07-01,0.540971077,580659832.4,195,10567298.590813756,5716602.8996531,29315.91230591333,0.0050487239981357,Small Whale Orders
2025-07-02,0.503484893,541088132.7,252,11692263.090415385,5886877.831005638,23360.62631351444,0.0043173422039301,Normal
2025-07-03,0.539545447,579963226.6,177,81123564.24744855,43769849.73412284,247287.2866334624,0.0426384424549069,Small Whale Orders
2025-07-04,0.512121713,549613907.2,169,8468073.123414008,4336684.113772042,25660.852744213265,0.0046688870874723,Normal
2025-07-05,0.537936529,577357744.5,126,732507.4035466234,394042.4901306729,3127.3213502434355,0.0005416609338031,Normal
2025-07-06,0.554850692,596519983.8,153,2366649.297459488,1313137.0004167107,8582.59477396543,0.0014387774101534,Normal
2025-07-07,0.558772377,600395303.5,125,3867541.3237869935,2161075.258638185,17288.60206910548,0.0028795365267385,Normal
2025-07-08,0.516194577,554640364.4,148,2262001.9323687763,1167633.130652283,7889.413044947859,0.0014224375922373,Normal
2025-07-09,0.509020323,547021139.8,169,6332304.8248168,3223271.847262706,19072.61448084441,0.003486632068336,Normal
2025-07-10,0.52589243,565372665.7,244,18302491.15652006,9625141.549355846,39447.301431786254,0.0069772211896635,Small Whale Orders
2025-07-11,0.49231358,528140064.1,236,12713832.810879624,6259192.546645612,26522.00231629497,0.0050217743585673,Small Whale Orders
2025-07-12,0.534385923,573620754.3,142,2191110.7742146384,1170898.7534739345,8245.765869534749,0.0014374943388506,Normal
2025-07-13,0.49735485,533519374.0,145,1342442.6450563916,667670.3603656249,4604.623174935344,0.0008630657852989,Normal
2025-07-14,0.49149725,527323985.5,218,14581517.758178566,7166775.878970929,32875.118710875824,0.0062343302438071,Small Whale Orders
2025-07-15,0.439197364,471884048.8,185,8104710.355998892,3559567.424338215,19240.904996422785,0.0040774645901577,Normal
2025-07-16,0.457282378,491031849.2,204,6873705.790504559,3143224.5295542944,15407.96338016811,0.003137874540169,Normal
2025-07-17,0.481292174,516722581.4,149,8557067.539087676,4118449.6389523377,27640.601603706964,0.0053492149556959,Small Whale Orders
2025-07-18,0.437514657,469821273.5,302,12012180.526838636,5255505.043021885,17402.334579542665,0.0037040329080676,Normal
2025-07-19,0.423599651,454875322.6,221,3439158.2819133843,1456826.2479522694,6591.973972634703,0.0014491825880894,Normal
2025-07-20,0.421343054,452994802.8,200,3895152.844009299,1641195.5950916635,8205.977975458318,0.0018114949497734,Normal
2025-07-21,0.417224108,448148650.2,220,6142677.72063616,2562873.232723895,11649.423785108613,0.0025994552878625,Normal
2025-07-22,0.419633399,450618664.0,230,9306171.92941374,3905180.5584182767,16979.04590616642,0.0037679411135457,Normal
2025-07-23,0.441154867,474015961.2,192,6965011.306815852,3072648.636711844,16003.37831620752,0.0033761264653818,Normal
2025-07-24,0.44389341,476737435.9,283,6812981.05871585,3024237.394418789,10686.351217027524,0.0022415590663345,Normal
2025-07-25,0.486320543,523598184.5,438,69781719.1761807,33936283.56123371,77480.09945487148,0.0147976256886489,Small Whale Orders
2025-07-26,0.573901274,690882965.5,209,29009986.043645345,16648867.949170282,79659.65525918796,0.0115301229350093,Small Whale Orders
2025-07-27,0.55510073,667214778.4,186,6611573.286748934,3670089.157922833,19731.66213937007,0.002957317909937,Normal
2025-07-28,0.562332942,673310856.4,199,9702100.774093743,5455810.871876613,27416.13503455585,0.004071839147395,Normal
2025-07-29,0.495432358,593214606.1,168,8047457.140093811,3986970.666820613,23731.968254884603,0.0040005704530619,Normal
2025-07-30,0.47378194,567251774.4,212,21729105.79757608,10294857.89924084,48560.65046811717,0.0085606872749726,Small Whale Orders
2025-07-31,0.451145181,540126403.3,177,14442341.728512043,6515592.873173419,36811.2591704713,0.0068153045186397,Small Whale Orders
2025-08-01,0.413943681,494449584.1,246,6841939.683181549,2832177.697636144,11512.917470065628,0.0023284310150693,Normal
2025-08-02,0.42683466,510397233.9,161,4491967.319113311,1917327.3433848417,11908.86548686237,0.0023332543156367,Normal
2025-08-03,0.404595304,483399236.7,162,3697961.0697588585,1496177.6831992506,9235.664711106485,0.0019105666724166,Normal
2025-08-04,0.417890378,499146055.6,160,11464832.813489012,4791043.318135727,29944.020738348296,0.0059990498577323,Small Whale Orders
2025-08-05,0.440981701,526242810.5,159,5849133.105984792,2579360.666452587,16222.394128632624,0.0030826823293261,Normal
2025-08-06,0.463664699,552297587.2,299,25252712.730774384,11708791.447247976,39159.83761621396,0.007090351021583,Small Whale Orders
2025-08-07,0.475333174,566883390.2,190,23014583.33818832,10939594.94642857,57576.8155075188,0.0101567300264707,Small Whale Orders
2025-08-08,0.500209093,597171202.1,171,20922838.149829995,10465793.89391226,61203.4730638144,0.0102488989503491,Small Whale Orders
2025-08-09,0.49766093,556888808.7,171,9703894.891020749,4829249.356087634,28241.22430460605,0.0050712501065575,Small Whale Orders
2025-08-10,0.507061506,567142676.5,124,3890150.629713087,1972545.6368691665,15907.6261037836,0.0028048719948133,Normal
2025-08-11,0.509034655,568920956.5,145,4415355.958161451,2247569.196864909,15500.47721975799,0.0027245396821233,Normal
2025-08-12,0.494906199,553330030.6,160,15036427.67759356,7441621.268456225,46510.13292785141,0.0084054958805359,Small Whale Orders
2025-08-13,0.469633643,526508165.5,202,9344378.95248908,4388434.72902997,21724.924401138465,0.0041262274404628,Normal
2025-08-14,0.472030902,525619842.6,167,11364712.93956406,5364495.699833494,32122.728741517927,0.0061113995587802,Small Whale Orders
2025-08-15,0.432326243,485199746.6,124,2567879.813182067,1110161.832108545,8952.918000875363,0.0018452025302181,Normal
2025-08-16,0.423126429,472289224.5,114,1314190.402616301,556068.6920851078,4877.795544606209,0.0010327983980092,Normal
2025-08-17,0.435439528,486695219.1,123,2818828.596144466,1227429.393418049,9979.100759496334,0.0020503798615383,Normal
2025-08-18,0.437252088,488779399.8,112,2175691.24402816,951325.5392946304,8493.978029416343,0.001737793784454,Normal
2025-08-19,0.421525647,471091252.9,118,2232619.4017380825,941106.337822398,7975.477439172865,0.0016929793092264,Normal
2025-08-20,0.402227067,450660709.8,145,7703569.494896188,3098584.1633627648,21369.545954225963,0.0047418258325003,Normal
2025-08-21,0.418169468,467385825.0,110,4009815.196152911,1676782.2873535785,15243.475339577986,0.0032614329584295,Normal
2025-08-22,0.407177408,455030664.5,193,13059880.304548249,5317688.211196207,27552.788659047703,0.0060551498632127,Small Whale Orders
2025-08-23,0.436638865,488254247.8,236,4188570.92171872,1828892.8532312657,7749.545988268075,0.0015871947910717,Normal
2025-08-24,0.463646096,517771615.5,171,10272597.455354609,4762849.705954698,27852.92225704502,0.005379383771385,Small Whale Orders
2025-08-25,0.441345631,493286612.3,169,8330540.026845769,3676647.4447190026,21755.31032378108,0.0044102778752386,Normal
2025-08-26,0.395697644,442070966.8,121,5049871.98869279,1998222.448427332,16514.235110969683,0.0037356524972699,Normal
2025-08-27,0.414231103,462926004.4,180,52226190.87346365,21633712.651003383,120187.29250557435,0.0259625277826743,Small Whale Orders
2025-08-28,0.444858237,497175516.4,93,6052025.367924641,2692293.335454232,28949.390703808946,0.0058227707819219,Small Whale Orders
2025-08-29,0.443020068,495120673.6,142,5459589.327745607,2418707.635229933,17033.152360774176,0.0034402022110947,Normal
2025-08-30,0.458381545,511442159.0,115,3487928.2618151587,1598801.945499997,13902.62561304345,0.0027183182630518,Normal
2025-08-31,0.471731814,527621125.8,87,1735625.3855026355,818749.7115276075,9410.91622445526,0.0017836503817367,Normal
2025-09-01,0.449660756,502676393.1,94,10770847.149212057,4843227.2718751365,51523.69438165039,0.0102498734949346,Small Whale Orders
2025-09-02,0.4498081,504374569.6,108,8894681.138375314,4000899.6229584375,37045.36687924479,0.0073448125881176,Small Whale Orders
2025-09-03,0.456240369,509872119.6,151,31422411.652471088,14336172.687193308,94941.54097479011,0.0186206574796191,Small Whale Orders
2025-09-04,0.494830502,552446722.4,100,7218581.8836228335,3571974.497201192,35719.74497201192,0.0064657357033152,Small Whale Orders
2025-09-05,0.4771888,533308295.8,130,4559169.581574982,2175584.661628268,16735.266627909754,0.0031380098077802,Normal
2025-09-06,0.502572172,563894535.4,99,940999.175745238,472919.999604494,4776.969692974687,0.0008471388518752,Normal
2025-09-07,0.495602131,554138309.9,94,2838043.719539212,1406540.5152747994,14963.196971008503,0.0027002639419946,Normal
2025-09-08,0.487177917,544553477.8,100,2590825.8763288623,1262193.1537395949,12621.931537395949,0.0023178497708597,Normal
2025-09-09,0.488330469,545323258.1,111,5638586.6584610855,2753493.667423445,24806.24925606707,0.004548907255945,Normal
2025-09-10,0.459643285,513914703.4,125,12323612.726533623,5664465.836691721,45315.72669353377,0.0088177525168535,Small Whale Orders
2025-09-11,0.443470861,494767852.5,120,4116084.318336966,1825363.4566014928,15211.362138345772,0.0030744443199946,Normal
2025-09-12,0.465303514,519401757.6,128,3491426.93036233,1624573.2195718251,12691.978277904884,0.0024435763052768,Normal
2025-09-13,0.47719506,533167323.0,131,2142063.1281780144,1022181.9429746954,7802.915595226682,0.0014635022175255,Normal
2025-09-14,0.470462227,525913711.8,91,5542774.588485644,2607666.0766579644,28655.671172065544,0.0054487400744864,Small Whale Orders
2025-09-15,0.458042584,511777722.3,102,4506672.454787658,2064247.8964325616,20237.72447482904,0.003954397308245,Normal
2025-09-16,0.440819829,491912954.2,105,2833611.5269189943,1249112.14874886,11896.306178560571,0.0024183762751089,Normal
2025-09-17,0.437944689,489669396.9,107,3973347.832025927,1740106.5805854185,16262.67832322821,0.0033211547272882,Normal
2025-09-18,0.447328079,500328891.5,109,7514996.452646286,3361668.9268540777,30840.99932893649,0.0061641451958679,Small Whale Orders
2025-09-19,0.445295766,497642619.6,90,7121596.242541593,3171216.65396528,35235.74059961422,0.0070805311305402,Small Whale Orders
2025-09-20,0.426300111,475613648.2,87,803786.4623857865,342654.2581353581,3938.5546912110126,0.0008280995943065,Normal
2025-09-21,0.428620734,479024825.4,142,1213646.7270815433,520194.1509783888,3663.339091397104,0.0007647493192734,Normal
2025-09-22,0.42074187,470333202.2,140,3006342.6306529306,1264894.2202816335,9034.958716297382,0.0019209697878091,Normal
2025-09-23,0.407044798,454918862.3,93,919551.1341596588,374298.5056546892,4024.7151145665503,0.0008847105380986,Normal
2025-09-24,0.402440606,449760142.0,89,2111055.613850971,849574.5005378869,9545.780904920077,0.0021224159309608,Normal
2025-09-25,0.409362242,457642397.1,136,5613399.83323659,2297913.9409761564,16896.426036589386,0.0036920587217572,Normal
2025-09-26,0.374153648,417986287.4,138,2713787.240462172,1015373.3959147749,7357.778231266484,0.0017602917734536,Normal
2025-09-27,0.388349265,433975395.2,87,872210.5206919243,338722.3146359761,3893.359938344553,0.0008971384049435,Normal
2025-09-28,0.379962192,424871552.6,73,1803698.629322724,685337.2849048577,9388.181984998051,0.0022096518177192,Normal
2025-09-29,0.391355156,436443975.9,74,2256441.324295868,883069.946474656,11933.37765506292,0.0027342289764579,Normal
2025-09-30,0.389603613,435718206.2,76,3006535.0323666427,1171356.911221116,15412.590937119949,0.0035372841248789,Normal
2025-10-01,0.378298524,422493696.5,98,3439666.0515427333,1301220.590351524,13277.76112603596,0.0031427122430537,Normal
2025-10-02,0.406491248,454234189.7,114,1934333.415210089,786289.6039968514,6897.277228042556,0.001518440792094,Normal
2025-10-03,0.408688633,456591544.8,103,6902241.079195652,2820867.471292916,27387.062828086564,0.0059981537415641,Small Whale Orders
2025-10-04,0.423966679,474153847.3,95,1582089.606961036,670753.2765436857,7060.560805723007,0.0014890864739215,Normal
2025-10-05,0.410681365,458965641.8,86,846764.1893820666,347750.27312854567,4043.607827076112,0.0008810262596602,Normal
2025-10-06,0.410838172,459387052.9,83,1699025.1801328098,698024.3991877344,8409.932520334149,0.0018306855770627,Normal
2025-10-07,0.418483339,468092519.2,120,4573365.217369454,1913877.14663123,15948.976221926916,0.0034072273253126,Normal
2025-10-08,0.390349073,436497349.0,106,1589463.8055210898,620445.7230522097,5853.261538228394,0.0013409615319859,Normal
2025-10-09,0.40581056,453566952.6,89,1096599.8010141852,445011.7793454551,5000.132352196125,0.0011024022635541,Normal
2025-10-10,0.391070687,436857974.2,131,3979341.7941675102,1556203.9292529009,11879.419307274053,0.0027192863605221,Normal
2025-10-11,0.336311758,380770116.0,197,22626638.209576294,7609604.473892576,38627.43387762729,0.0101445550095709,Small Whale Orders
2025-10-12,0.333632077,373319368.6,161,6274222.746097989,2093281.966341316,13001.751343734884,0.0034827422409111,Normal
2025-10-13,0.372661559,416273563.1,91,1226024.749536928,456892.2945350161,5020.7944454397375,0.0012061285871842,Normal
2025-10-14,0.405653296,453491371.1,164,8804001.755486222,3571372.3301027715,21776.660549407145,0.0048020010825311,Normal
2025-10-15,0.454153746,507614412.5,151,30491230.08065097,13847706.361275522,91706.66464420877,0.018066205841665,Small Whale Orders
2025-10-16,0.431653004,482627183.8,134,7815764.128093507,3373698.064447003,25176.85122721644,0.0052166251865435,Small Whale Orders
2025-10-17,0.405104766,453000311.3,137,5699138.536936681,2308748.1834073165,16852.17652122129,0.0037201247109212,Normal
2025-10-18,0.37753712,421785419.4,156,2265657.419547332,855369.7770825314,5483.139596682893,0.001299983201051,Normal
2025-10-19,0.368649409,412171641.7,124,1582609.1490489538,583427.9274748897,4705.06393124911,0.0011415302401308,Normal
2025-10-20,0.376060558,420038158.2,100,8148282.033286319,3064247.488179028,30642.47488179028,0.007295164566263,Small Whale Orders
2025-10-21,0.36016456,402523153.3,110,7412913.685360885,2669868.795805982,24271.53450732711,0.0060298480493214,Small Whale Orders
2025-10-22,0.355894875,397754860.3,97,5905005.822182118,2101561.308959777,21665.58050473997,0.0054469681372086,Small Whale Orders
2025-10-23,0.347626518,388917771.5,119,9822839.006891998,3414679.3208404435,28694.784208743225,0.0073781108274048,Small Whale Orders
2025-10-24,0.372977942,416790717.3,114,4748363.887177966,1771034.990506758,15535.394653568052,0.0037273849941302,Normal
2025-10-25,0.376340296,420641448.1,92,1335351.5873118087,502546.611632996,5462.46316992387,0.0012986031677566,Normal
2025-10-26,0.389236092,435075839.0,72,1593934.2489675337,620416.7379730777,8616.899138514967,0.0019805510594016,Normal
2025-10-27,0.397930053,444738364.3,83,483286.3156934682,192314.1492180765,2317.037942386464,0.0005209889967629,Normal
2025-10-28,0.384865192,430545984.6,100,3544565.063323387,1364179.7136524476,13641.797136524476,0.0031684878327685,Normal
2025-10-29,0.388861022,434418733.7,110,10246644.66387543,3984520.716065447,36222.91560059497,0.0083382489728469,Small Whale Orders
2025-10-30,0.424084345,473967089.2,135,7842459.854658657,3325864.450651712,24636.032967790456,0.0051978362061748,Small Whale Orders
2025-10-31,0.413476222,462866658.3,177,7679503.956143073,3175292.2826200915,17939.50442158244,0.0038757391788533,Normal
2025-11-01,0.434157863,485404501.4,185,3453916.9297048915,1499545.1931801967,8105.649692865928,0.0016698752626907,Normal
2025-11-02,0.456424744,510086828.8,120,5361088.62908341,2446933.5050907065,20391.11254242256,0.0039975767636254,Normal
2025-11-03,0.442001491,493884351.5,134,7036817.36517084,3110283.767300203,23211.072890300024,0.0046996979798619,Normal
2025-11-04,0.407515323,454961989.3,180,15128572.664950125,6165125.17608612,34250.69542270067,0.0075282542779889,Small Whale Orders
2025-11-05,0.373789991,417449172.6,205,18273066.213540822,6830289.255501828,33318.48417317965,0.0079814469305716,Small Whale Orders
2025-11-06,0.417294663,475010836.2,111,7455208.485444325,3111018.71252823,28027.195608362435,0.0059003276288547,Small Whale Orders
2025-11-07,0.397916338,452596009.1,107,4214079.927654295,1676851.2528515018,15671.507035995344,0.0034625817994194,Normal
2025-11-08,0.448761337,510193199.1,127,17232139.351409074,7733117.894708648,60890.692084320064,0.0119348302156386,Small Whale Orders
2025-11-09,0.455713835,518618993.8,117,9787678.831719285,4460380.656151115,38122.91159103517,0.0073508514047476,Small Whale Orders
2025-11-10,0.469484967,533724477.7,156,11551682.406285487,5423341.233309423,34765.00790582963,0.0065136618908025,Small Whale Orders
2025-11-11,0.466000452,530615419.6,113,2843156.999776509,1324912.4470028172,11724.888911529357,0.0022096773818537,Normal
2025-11-12,0.435613633,496199605.7,98,1071260.3606331437,466655.61758429377,4761.792016166263,0.0009596525191608,Normal
2025-11-13,0.438042059,498766247.5,123,10535136.089026542,4614832.704282394,37518.965075466615,0.0075223544623409,Small Whale Orders
2025-11-14,0.447789443,510763568.7,175,10728900.827038856,4804288.525341969,27453.077287668395,0.0053749090518617,Small Whale Orders
2025-11-15,0.450337531,514456070.4,103,4396188.846046188,1979768.8307381792,19221.05660910853,0.0037361900685055,Normal
2025-11-16,0.448656142,512082787.1,117,9872496.362648554,4429356.129974933,37857.744700640455,0.0073928953783106,Small Whale Orders
2025-11-17,0.441740054,502991108.5,152,10035723.37462174,4433180.98543447,29165.66437785836,0.0057984453174202,Small Whale Orders
2025-11-18,0.387276655,440696504.5,144,8241015.949507486,3191553.0907269083,22163.563130047973,0.0050292123726268,Small Whale Orders
2025-11-19,0.389515816,443395572.6,144,10403730.067670276,4052417.4067523214,28141.78754689113,0.0063468805928467,Small Whale Orders
2025-11-20,0.368597801,422356342.1,129,9402241.83203832,3465645.663759536,26865.47026170183,0.0063608539954967,Small Whale Orders
2025-11-21,0.316229668,360518573.8,166,12343341.43774026,3903330.7648672448,23514.04075221232,0.0065222827507513,Small Whale Orders
2025-11-22,0.296725789,338586102.6,122,3456808.8280403484,1025724.3269224378,8407.576450183917,0.0024831428064005,Normal
2025-11-23,0.296341692,337339558.9,111,5047303.329241715,1495726.4086247229,13475.012690312818,0.0039944952599844,Normal
2025-11-24,0.304827297,347996233.7,88,1707492.7454775353,520490.39825102605,5914.663616488932,0.0016996343763846,Normal
2025-11-25,0.30694628,349386441.5,87,6371352.314487927,1955662.8915014595,22478.8838103616,0.0064338168687526,Small Whale Orders
2025-11-26,0.300068143,342079272.2,92,4245687.018710414,1273995.41946364,13847.776298517829,0.0040481190834683,Normal
2025-11-27,0.302537734,344515949.2,82,4992293.614685185,1510357.197649525,18418.99021523811,0.0053463389018734,Small Whale Orders
2025-11-28,0.289039995,329502210.1,95,5117217.904023319,1479080.6373928103,15569.269867292742,0.0047250881451045,Normal
2025-11-29,0.290474445,329865882.9,70,2076329.129685584,603120.5515827531,8616.007879753615,0.0026119730249173,Normal
2025-11-30,0.270714197,308192467.2,77,15119309.857058983,4093011.827147908,53155.99775516764,0.0172476628770658,Small Whale Orders
2025-12-01,0.274039159,312107589.3,97,16483545.36453112,4517136.909034456,46568.42174262326,0.014920631006464,Small Whale Orders
2025-12-02,0.249383599,284941610.1,105,108628133.69086088,27090074.93248004,258000.71364266705,0.090545116788005,Big Whale Orders
2025-12-03,0.253612309,289061506.4,121,20908327.0866459,5302609.109771511,43823.21578323562,0.015160515950053,Small Whale Orders
2025-12-04,0.245995953,280112933.4,122,28410700.62519425,6988917.375692356,57286.207997478334,0.0204511113793071,Small Whale Orders
2025-12-05,0.260363512,295137785.7,75,6655013.626875299,1732722.7203011103,23102.96960401481,0.0078278589605935,Small Whale Orders
2025-12-06,0.257509212,293434240.5,84,6121461.5481915055,1576332.7395630947,18765.8659471797,0.0063952543217872,Small Whale Orders
2025-12-07,0.279111699,317775364.5,90,4815256.6545517165,1343994.4659729856,14933.271844144285,0.0046993170372539,Normal
2025-12-08,0.270430656,307878069.5,65,3647483.7185258735,986391.4147502712,15175.252534619558,0.0049289813201909,Normal
2025-12-09,0.266151329,302447597.6,69,3916541.9751316425,1042392.8517655716,15107.14277921118,0.0049949620691618,Normal
2025-12-10,0.274402256,312547860.0,57,23940872.451711383,6569429.411357855,115253.14756768168,0.0368753596865714,Small Whale Orders
2025-12-11,0.272745074,311109847.3,74,53161397.703546286,14499509.35059716,195939.31554861023,0.062980750127034,Big Whale Orders
2025-12-12,0.268834095,306364419.4,81,35609302.08855491,9572994.500558268,118185.1172908428,0.0385766459180549,Small Whale Orders
2025-12-13,0.262091291,298741577.7,49,1806727.708846795,473527.5976971286,9663.828524431196,0.0032348455139162,Normal
2025-12-14,0.272117629,309843999.5,67,23130361.198554832,6294179.04726434,93942.97085469164,0.0303194417210883,Small Whale Orders
2025-12-15,0.263298274,300050306.9,67,11029381.773677202,2904017.184296266,43343.54006412338,0.0144454243396487,Small Whale Orders
2025-12-16,0.263296872,299815388.0,74,12372196.128936734,3257560.540519551,44021.08838539934,0.0146827314898858,Small Whale Orders
2025-12-17,0.270234913,307175121.9,115,28500419.7954649,7701808.463890934,66972.24751209508,0.0218026274712109,Small Whale Orders
2025-12-18,0.273211301,311238297.0,86,1875625.2465661548,512442.01380278496,5958.628067474244,0.0019144906410647,Normal
2025-12-19,0.2726353,310510981.1,101,38055736.44061174,10375337.121207114,102726.11011096153,0.0330829234273935,Small Whale Orders
2025-12-20,0.317570712,362480097.4,74,7415577.977966377,2354970.378354302,31823.92403181489,0.0087794955530198,Small Whale Orders
2025-12-21,0.324779781,370301817.0,100,7179907.860638206,2331888.9025782547,23318.889025782548,0.0062972656236743,Small Whale Orders
2025-12-22,0.347830701,397639479.4,85,15391923.867567584,5353783.668594664,62985.69021876076,0.0158398985718923,Small Whale Orders
2025-12-23,0.3149507035073519,362411873.62414,81,8466881.76721841,2666650.369099009,32921.609495049495,0.0090840317028886,Small Whale Orders
2025-12-24,0.3119948108596338,358780347.5718948,64,8107848.880132473,2529606.777835425,39525.10590367852,0.011016519207691,Small Whale Orders
2025-12-25,0.3343746056632981,383947988.54852825,69,2859607.1673581856,956180.0189373342,13857.681433874408,0.0036092600683394,Normal
2025-12-26,0.339711164282412,390317939.7103452,76,2822384.948408071,958795.6768768613,12615.732590485017,0.0032321682677068,Normal
2025-12-27,0.3373805701577677,387669385.55832654,64,3646489.131741802,1230254.5823411525,19222.727849080507,0.0049585364656524,Normal
2025-12-28,0.3255728602628807,374320384.0012061,71,2142628.0103250807,697581.5298009015,9825.091969026782,0.0026247814409687,Normal
2025-12-29,0.3158782325467982,363243537.4618956,70,1355076.3119012918,428039.11036941386,6114.84443384877,0.0016834007499693,Normal
2025-12-30,0.3245933086313456,373030148.04204863,90,5728147.550067104,1859318.3656048176,20659.092951164643,0.0055381831896428,Small Whale Orders
2025-12-31,0.3207518223654063,368759547.5463864,115,12949943.24820728,4153717.8963910737,36119.28605557456,0.0097948070215134,Small Whale Orders
2026-01-01,0.3702044177980781,426034831.2957937,94,15434624.765441516,5713966.275222075,60786.87526831995,0.0142680529391072,Small Whale Orders
2026-01-02,0.3674768134813224,422631932.1954167,86,13298847.22865509,4887018.002561088,56825.79072745451,0.013445692669805,Small Whale Orders
2026-01-03,0.3658760169066049,420758230.6797501,80,1184599.077044295,433416.3919402069,5417.704899252586,0.001287605209885,Normal
2026-01-04,0.373099745425786,429027823.8216728,81,9130991.94731896,3406770.7710296065,42058.89840777292,0.0098033032061004,Small Whale Orders
2026-01-05,0.378232360382488,434825849.89083856,97,43748608.52871736,16547139.467266211,170589.06667284755,0.0392315835674611,Small Whale Orders
2026-01-06,0.3896563812063683,447343308.2770723,89,23542565.83447909,9173511.007375805,103073.157386245,0.023041175642758,Small Whale Orders
2026-01-07,0.3775753096698873,434982553.7766988,81,2350728.223564293,887576.9369620322,10957.739962494225,0.0025191217135847,Normal
2026-01-08,0.3847941249645918,442636699.6524751,62,5650032.8900232855,2174099.461937674,35066.12035383345,0.0079220996319023,Small Whale Orders
2026-01-09,0.3877756675094615,445999802.1963892,86,941337.9260965568,365027.9426440645,4244.510960977495,0.0009516844940456,Normal
2026-01-10,0.3953474861582225,454710966.1199317,63,758052.7174324131,299694.23621231393,4757.051368449427,0.0010461703637898,Normal
2026-01-11,0.3982735778381297,457610915.2264146,69,1236638.4694410935,492520.427716573,7137.977213283667,0.0015598354356892,Normal
2026-01-12,0.3888806835672673,447277459.3911306,65,7183853.293495398,2793661.779421455,42979.41199109931,0.0096091164642202,Small Whale Orders
2026-01-13,0.3974704254093882,456630285.7469433,74,17480216.273197085,6947868.998355756,93890.1215994021,0.020561518701244,Small Whale Orders
2026-01-14,0.3893928046943061,448059627.62829775,82,7094645.600213387,2762603.9485792094,33690.29205584402,0.0075191536970594,Small Whale Orders
2026-01-15,0.376090812974877,432541547.74548495,61,2782300.199615141,1046397.5440134208,17154.05809858067,0.0039658752293258,Normal
2026-01-16,0.3618170483625068,415627998.8928707,97,3912922.0534685017,1415761.9078585324,14595.483586170438,0.0035116699608903,Normal
2026-01-17,0.365042829136519,419869948.444274,57,824299.8338213289,300904.74339490035,5279.030585875445,0.0012573013632996,Normal
2026-01-18,0.3499554630345237,403302366.5175137,147,651427.3183977036,227970.5488432065,1550.8200601578671,0.0003845303645374,Retail Orders
2026-01-19,0.3571594326161597,410268126.2565662,125,2829965.082380602,1010748.7231465996,8085.989785172796,0.0019709037255592,Normal
2026-01-20,0.3287374393169303,376876329.1342368,104,12004158.586022468,3946216.354723369,37944.38802618624,0.0100681271528388,Small Whale Orders
2026-01-21,0.3350628828960569,385044188.2588276,115,1664367.9869830888,557667.9359184606,4849.2863992909615,0.0012594103604626,Normal
2026-01-22,0.3318987900162969,381912312.8819161,121,24258903.6781761,8051500.777908542,66541.3287430458,0.0174231954557641,Small Whale Orders
2026-01-23,0.324132494700695,372729872.6745152,77,28495858.712272763,9236433.773047503,119953.68536425332,0.0321824715855287,Small Whale Orders
2026-01-24,0.3314151541169384,381053192.3796549,68,1435590.2489036636,475776.3635891816,6996.711229252671,0.0018361507970996,Normal
2026-01-25,0.3086799508605872,354261234.3353428,77,1145150.0407661505,353484.8583116947,4590.712445606425,0.001295855148876,Normal
2026-01-26,0.3406209210894753,391784617.1978958,89,17121924.13064386,5832085.568204025,65529.05132813511,0.0167257846407572,Small Whale Orders
2026-01-27,0.3425151089705521,395881533.7571216,90,6905328.678302775,2365179.404726353,26279.77116362615,0.0066382917420313,Small Whale Orders
2026-01-28,0.3529335632869022,408408850.97150576,109,16083969.370842496,5676572.621848837,52078.64790687006,0.0127515962944944,Small Whale Orders
2026-01-29,0.3462608012445322,400181999.77017856,96,12000041.058298765,4155143.831813815,43282.74824806057,0.0108157658947472,Small Whale Orders
2026-01-30,0.3305660144745792,381716718.5137324,91,1819193.8495005905,601363.6603860776,6608.391872374479,0.001731229351993,Normal
2026-01-31,0.3063187816202705,354443503.5563247,112,2384890.826636608,730536.8523126852,6522.650467077547,0.0018402510983082,Normal
2026-02-01,0.2936495728708669,340406677.31366783,110,3699034.545650336,1086219.9143648022,9874.726494225475,0.0029008615730314,Normal
2026-02-02,0.2969783310211462,343833620.7677629,104,10523336.395591974,3125202.8795369887,30050.02768785566,0.0087397002133635,Small Whale Orders
2026-02-03,0.3051928518251244,353153656.3697162,86,2752082.264082938,839915.8346328171,9766.46319340485,0.0027654996677084,Normal
2026-02-04,0.2987312009165606,345669826.3541055,98,5577152.859595433,1666069.5714421736,17000.70991267524,0.0049181932053449,Normal
2026-02-05,0.2559700321507925,296212331.26628727,119,8291153.403978108,2122286.803383429,17834.342885575035,0.0060207969092084,Small Whale Orders
2026-02-06,0.2822541469489384,326780871.49191034,137,5189480.477542103,1464752.3852968158,10691.62325034172,0.0032718020493455,Normal
2026-02-07,0.2805617592057684,324633219.5190714,57,2348167.972899528,658806.1373873346,11558.002410304116,0.0035603264593274,Normal
2026-02-08,0.2807752959882268,324444464.15665466,53,3070966.201595893,862251.4442229274,16268.8951740175,0.0050143851941829,Small Whale Orders
2026-02-09,0.2814975106619968,325767098.5916564,68,13334251.602442732,3753558.6326283705,55199.391656299566,0.0169444341969877,Small Whale Orders
2026-02-10,0.2736292858850868,316671111.2776762,66,9977228.495668108,2730061.9083820027,41364.574369424285,0.0130623138317007,Small Whale Orders
2026-02-11,0.2668968743098687,308853241.8761079,68,4684706.534461794,1250333.53110687,18387.257810395145,0.005953396408826,Small Whale Orders
2026-02-12,0.2672190341056953,309159646.3597174,55,7002757.723286576,1871270.1548928365,34023.0937253243,0.0110050241439781,Small Whale Orders
2026-02-13,0.2766354052496048,320113900.149464,63,583180.3397427545,161328.32961833908,2560.767136799033,0.0007999549958947075,Normal
2026-02-14,0.2839704011698813,328657113.0404817,59,1002025.8422657009,284545.6804107793,4822.808142555582,0.0014674284995503937,Normal
2026-02-15,0.2628722549153738,304499760.4871485,58,526492.4274263339,138400.2515934292,2386.211234369469,0.0007836496260463165,Normal
2026-02-16,0.2515970825874241,291303484.7656065,57,1622791.472987427,408289.60025138524,7162.975443006759,0.002458939153704375,Normal
